paper_id,material_id,material_formula,category,property_name,value,unit,ea_type,confidence,extraction_method,sentence,page
Article 00.pdf,MAT_1,LiFePO4,DFT,Functional,GGA,NONE,NONE,0.75,proximity,shows the energy barriers along a and c directions in LiFePO4 obtained from GGA. 104303-3,3
Article 00.pdf,MAT_1,LiFePO4,DFT,Functional,LDA,NONE,NONE,0.75,dependency_parse,"As the energy barrier along c direction for LiFePO4 is lower than that of FePO4 and Li0.5FePO4 , the diffusion coefficient will be higher, which is consistent with Prosini’s experimental results.6 To test the reliability of the LDA obtained energy barriers, Fig. 2~d! shows the GGA results of LiFePO4 when the Li ion is pushed to move along the.",3
Article 00.pdf,MAT_1,LiFePO4,DFT,Functional,GGA,NONE,NONE,0.75,dependency_parse,"As the energy barrier along c direction for LiFePO4 is lower than that of FePO4 and Li0.5FePO4 , the diffusion coefficient will be higher, which is consistent with Prosini’s experimental results.6 To test the reliability of the LDA obtained energy barriers, Fig. 2~d! shows the GGA results of LiFePO4 when the Li ion is pushed to move along the.",3
Article 00.pdf,MAT_1,LiFePO4,DFT,Software,crystal,NONE,NONE,0.75,proximity,of the four species in LiFePO4 crystal as a function of time.,4
Article 00.pdf,MAT_1,LiFePO4,SYNTHESIS,Method,Solid State,NONE,NONE,0.6,proximity,"First-principles study of Li ion diffusion in LiFePO4 Chuying Ouyang,1,2 Siqi Shi,1 Zhaoxiang Wang,1 Xuejie Huang,1 and Liquan Chen1,* 1Laboratory for Solid State Ionics, Institute of Physics, Chinese Academy of Sciences, P.O. Box 603, Beijing 100080, China 2Physics Department, Jiangxi Normal University, Nanchang 330027, China ~Received 12 November 2003; revised manuscript received 16 December 2003; published 30 March 2004!",1
Article 00.pdf,MAT_1,LiFePO4,ELECTROCHEMICAL,Migration_Barrier,1.5 eV,eV,unspecified,0.6,dependency_parse,"The calculations show that the energy barriers running along the c axis are about 0.6, 1.2, and 1.5 eV for LiFePO4 , FePO4 , and Li0.5FePO4 , respectively.",1
Article 00.pdf,MAT_1,LiFePO4,DFT,Software,crystal,NONE,NONE,0.6,proximity,The above considerations are all based on the constrained motion of singleLi ions within the LiFePO4 crystal.,3
Article 00.pdf,MAT_1,LiFePO4,CHARACTERIZATION,Technique,GITT,NONE,NONE,0.25,proximity,Prosini et al.6 have de- termined the diffusion coefficient of lithium in LiFePO4 as a function of the lithium concentration using the galvanostatic intermittent titration technique ~GITT!,1
Article 10.pdf,MAT_10,BPN2,ML,Algorithm,neural network,NONE,NONE,0.99,proximity,Fig. 7   a Model structure of backpropagation neural network (BPNN),14
Article 10.pdf,MAT_20,H2S,DFT,SOC,SOC,NONE,NONE,0.99,proximity,"b, c SOC estimation results and SOC errors under SDT [102].",15
Article 10.pdf,MAT_20,H2S,DFT,SOC,SOC,NONE,NONE,0.99,proximity,"b, c SOC estimation results and SOC errors under SDT [102].",15
Article 10.pdf,MAT_15,HN,DFT,SOC,SOC,NONE,NONE,0.95,proximity,The results showed that the iFA-based TDNN obtained accurate SOC https://doi.org/10.1007/s40820-025-01797-y ©,14
Article 10.pdf,MAT_2,HSO,DFT,Software,Gaussian,NONE,NONE,0.95,proximity,[109] extracted four impor- tant features by analyzing the partial incremental capacity and combined Gaussian process regression with nonlin- ear regression to predict the battery’s SOH.,16
Article 10.pdf,MAT_2,HSO,ML,Algorithm,Gaussian process,NONE,NONE,0.95,proximity,[109] extracted four impor- tant features by analyzing the partial incremental capacity and combined Gaussian process regression with nonlin- ear regression to predict the battery’s SOH.,16
Article 10.pdf,MAT_9,Li7La3Zr2O12,STRUCTURAL,Crystal_System,cubic,NONE,NONE,0.85,proximity,Fig. 6   a 400 K simulation of the cubic LLZO as shown in the clustering scheme [83].  ,10
Article 10.pdf,MAT_10,BPN2,DFT,SOC,SOC,NONE,NONE,0.8,proximity,[97] developed a BPNN for estimating the SOC of batteries.,13
Article 10.pdf,MAT_11,HWS,ML,RMSE,3.98,NONE,NONE,0.8,proximity,"The RMSE was reduced to 3.98% at −20 °C NEDC, 3.62% at 10 °C NEDC, and 1.68% at 35 °C HSW (Fig. 7c).",13
Article 10.pdf,MAT_12,UHSF,DFT,SOC,SOC,NONE,NONE,0.8,proximity,The range SOC error of this model for the Federal Urban Driving Schedule (FUDS) was between 3.7% and 4.7% (Fig.,13
Article 10.pdf,MAT_12,UHSF,DFT,SOC,SOC,NONE,NONE,0.8,proximity,"d, e SOC estimation results and SOC error for FUDS cycle 0 °C",14
Article 10.pdf,MAT_12,UHSF,DFT,SOC,SOC,NONE,NONE,0.8,proximity,"d, e SOC estimation results and SOC error for FUDS cycle 0 °C",14
Article 10.pdf,MAT_13,PSO,DFT,SOC,SOC,NONE,NONE,0.8,dependency_parse,"f, g SOC estimation results and SOC errors based on PSO under FUDS cycle",14
Article 10.pdf,MAT_13,PSO,DFT,SOC,SOC,NONE,NONE,0.8,dependency_parse,"f, g SOC estimation results and SOC errors based on PSO under FUDS cycle",14
Article 10.pdf,MAT_10,BPN2,DFT,SOC,SOC,NONE,NONE,0.8,proximity,"i SOC estimation results and errors under the NEDC of BPNN, LMBP, LMMBP and EK [101].",14
Article 10.pdf,MAT_14,BP,ML,Algorithm,neural network,NONE,NONE,0.8,proximity,[101] proposed a multi- hidden-layer BP neural network (LMMBP) trained based on the Levenberg-Marquardt (L-M) algorithm.,14
Article 10.pdf,MAT_15,HN,ML,Algorithm,neural network,NONE,NONE,0.8,proximity,"In addition, the time delay neural network (TDNN) (Fig. 8a) is a supervised ML algorithm with a special neu- ron connection, which can handle the delay information in time series data.",14
Article 10.pdf,MAT_16,WN2,ML,Algorithm,neural network,NONE,NONE,0.8,proximity,"Furthermore, the wavelet neural network (WNN) integrates wavelet analysis with traditional neural networks.",14
Article 10.pdf,MAT_17,H2W,DFT,SOC,SOC,NONE,NONE,0.8,dependency_parse,"[103] combined the DWT with an L-M trained adaptive WNN to create a DWTLMBPNN for lithium-ion battery SOC estimation, achieving an MAE of 0.59% and a maximum error of 3.13% (Fig.",14
Article 10.pdf,MAT_17,H2W,ML,MAE,0.59,NONE,NONE,0.8,dependency_parse,"[103] combined the DWT with an L-M trained adaptive WNN to create a DWTLMBPNN for lithium-ion battery SOC estimation, achieving an MAE of 0.59% and a maximum error of 3.13% (Fig.",14
Article 10.pdf,MAT_18,BHN,DFT,SOC,SOC,NONE,NONE,0.8,dependency_parse,[104] combined the DBN (Fig. 8g) and KF to create a hybrid model for dynamic lithium-ion battery SOC estimation.,14
Article 10.pdf,MAT_18,BHN,DFT,SOC,SOC,NONE,NONE,0.8,dependency_parse,"The DBN extracts parameter–SOC relation- ships, and the KF reduces measurement noise.",14
Article 10.pdf,MAT_21,US6,DFT,SOC,SOC,NONE,NONE,0.8,proximity,"j, k SOC estimation under US06 at 0 °C and RMSE error values of each comparison model [105].",15
Article 10.pdf,MAT_21,US6,ML,RMSE,105,NONE,NONE,0.8,proximity,"j, k SOC estimation under US06 at 0 °C and RMSE error values of each comparison model [105].",15
Article 10.pdf,MAT_22,CNF,DFT,SOC,SOC,NONE,NONE,0.8,proximity,[105] proposed a fully convolutional network (FCN) for SOC estimation.,15
Article 10.pdf,MAT_1,EsS2,SYNTHESIS,Method,solid-state,NONE,NONE,0.75,proximity,"In the aspect of material screening, identifying an ideal combination of solid-state electrolytes (SSEs) and electrode materials demands a comprehensive and profound exploration and screening of a voluminous and diverse material system [22].",2
Article 10.pdf,MAT_2,HSO,DFT,SOC,SOC,NONE,NONE,0.75,proximity,"While machine learning has demonstrated transformative potential in traditional lithium-ion BMS through SOC/SOH estima- tion, its application to solid-state systems remains nascent.",11
Article 10.pdf,MAT_2,HSO,SYNTHESIS,Method,solid-state,NONE,NONE,0.75,proximity,"While machine learning has demonstrated transformative potential in traditional lithium-ion BMS through SOC/SOH estima- tion, its application to solid-state systems remains nascent.",11
Article 10.pdf,MAT_2,HSO,DFT,SOC,SOC,NONE,NONE,0.6,proximity,"However, the accurate determination and prediction of core indicators such as the SOC [30], state of health (SOH)",2
Article 10.pdf,MAT_3,N2,ML,Algorithm,support vector machine,NONE,NONE,0.6,proximity,"(2025) 17:287 Page 3 of 31  287 techniques such as support vector machine (SVM), relevance vector machine (RVM), and neural network (NN), with the root-mean-square error (RMSE) and mean absolute error (MAE) being less than 0.14% and 0.36%, respectively.",3
Article 10.pdf,MAT_3,N2,ML,Algorithm,SVM,NONE,NONE,0.6,proximity,"(2025) 17:287 Page 3 of 31  287 techniques such as support vector machine (SVM), relevance vector machine (RVM), and neural network (NN), with the root-mean-square error (RMSE) and mean absolute error (MAE) being less than 0.14% and 0.36%, respectively.",3
Article 10.pdf,MAT_3,N2,ML,Algorithm,neural network,NONE,NONE,0.6,proximity,"(2025) 17:287 Page 3 of 31  287 techniques such as support vector machine (SVM), relevance vector machine (RVM), and neural network (NN), with the root-mean-square error (RMSE) and mean absolute error (MAE) being less than 0.14% and 0.36%, respectively.",3
Article 10.pdf,MAT_3,N2,ML,MAE,0.14,NONE,NONE,0.6,proximity,"(2025) 17:287 Page 3 of 31  287 techniques such as support vector machine (SVM), relevance vector machine (RVM), and neural network (NN), with the root-mean-square error (RMSE) and mean absolute error (MAE) being less than 0.14% and 0.36%, respectively.",3
Article 10.pdf,MAT_3,N2,ML,RMSE,0.14,NONE,NONE,0.6,proximity,"(2025) 17:287 Page 3 of 31  287 techniques such as support vector machine (SVM), relevance vector machine (RVM), and neural network (NN), with the root-mean-square error (RMSE) and mean absolute error (MAE) being less than 0.14% and 0.36%, respectively.",3
Article 10.pdf,MAT_2,HSO,DFT,SOC,SOC,NONE,NONE,0.6,proximity,"This article will deeply explore the enabling effects of AI in solid-state batteries (Fig. 1) around five key directions: material screening, SOC estimation, SOH estimation, RUL prediction, and battery capacity estimation.",3
Article 10.pdf,MAT_2,HSO,SYNTHESIS,Method,solid-state,NONE,NONE,0.6,proximity,"This article will deeply explore the enabling effects of AI in solid-state batteries (Fig. 1) around five key directions: material screening, SOC estimation, SOH estimation, RUL prediction, and battery capacity estimation.",3
Article 10.pdf,MAT_4,Li1Ti0.2Mn0.2Fe0.2Co0.2Ni0.2O2,ML,Algorithm,random forest,NONE,NONE,0.6,proximity,"[55] applied random forest (RF) models to ana- lyze > 2,000 MP entries, correlating structural features with energy density to pinpoint ­LiNi0.2Mn0.2Co0.2Fe0.2Ti0.2O2 as an optimal high-entropy cathode, achieving enhanced sta- bility and electrochemical performance.",5
Article 10.pdf,MAT_5,Si,ML,Training_Size,40,NONE,NONE,0.6,dependency_parse,"mentarily, in an attempt to tackle the issue of the low rate- performance of nanostructured silicon as a high-capacity anode material for lithium-ion batteries and to gain in-depth insights into the factors governing lithium diffusion within amorphous lithium–silicon alloys, they leveraged a potential trained on 40,000 + ab initio calculations and visualized the delithiation process of lithium–silicon nanoparticles for the first time.",5
Article 10.pdf,MAT_6,Li14Zn(GeO4)4,ML,Algorithm,SVM,NONE,NONE,0.6,proximity,[71] combined the theoretical and experimental data- sets and employed the SVM method to directly evaluate the ionic conductivity of ­Li8−cAaBbO4 LISICON.,7
Article 10.pdf,MAT_8,Li3PS4,ML,Descriptor,structural fingerprint,NONE,NONE,0.6,proximity,"DL interatomic potential simulations have elucidated the “soft” lithium-hopping behavior induced by structural disorder in ­Li3PS4, establishing a machine learning-derived structural fingerprint (“softness”) to quantify ion migration dynamics",9
Article 10.pdf,MAT_9,Li7La3Zr2O12,STRUCTURAL,Crystal_System,cubic,NONE,NONE,0.6,proximity,"[83] spati- otemporal analysis of Li+ diffusion in LLZO using density- based trajectory clustering, which uncovered uncorrelated Poisson-like migration in cubic phases (Fig. 6a).",9
Article 10.pdf,MAT_9,Li7La3Zr2O12,SYNTHESIS,Method,solid-state,NONE,NONE,0.6,proximity,"This research achievement provides valu- able theoretical basis and practical guidance for experimen- tal researchers to screen appropriate dopants in LLZO, thus stabilizing the lithium-metal anode in solid-state batteries",10
Article 10.pdf,MAT_10,BPN2,ML,Algorithm,neural network,NONE,NONE,0.6,proximity,"The backpropagation neural network (BPNN), a type of mul- tilayer feedforward neural network, composed of an input layer, hidden layers, and an output layer.",11
Article 10.pdf,MAT_10,BPN2,ML,Algorithm,neural network,NONE,NONE,0.6,proximity,"The backpropagation neural network (BPNN), a type of mul- tilayer feedforward neural network, composed of an input layer, hidden layers, and an output layer.",11
Article 10.pdf,MAT_14,BP,ML,Algorithm,neural network,NONE,NONE,0.6,proximity,"Then, the experi- mental data of BA-ELM, ELM, Elman, BP, radial basis function (RBF), and generalized regression neural network models are compared.",19
Article 10.pdf,MAT_6,Li14Zn(GeO4)4,DFT,Software,Crystal,NONE,NONE,0.6,proximity,"H.Y. Hong, Crystal structure and ionic conductivity of ­Li14Zn(GeO4)4 and other new ­Li+ superionic conductors.",30
Article 10.pdf,MAT_10,BPN2,DFT,SOC,SOC,NONE,NONE,0.45,proximity,"To fur- ther enhance the accuracy of BPNN-based SOC estimation and leverage real-time correction capabilities, Zhang et al.",13
Article 10.pdf,MAT_7,EsS2I,SYNTHESIS,Method,solid-state,NONE,NONE,0.25,proximity,"In response to the challenge of screening inorganic solid-state electrolytes (ISSEs), Chen et al. proposed a ML-assisted hierarchical screening strategy.",7
Speeding up the development of solid state electrolyte by machine learning.pdf,MAT_3,Li,STRUCTURAL,Crystal_System,cubic,NONE,NONE,0.75,dependency_parse,"They also used Adaptive Boosting (AdaBoost), Least Absolute Shrinkage and Selection Operator (LASSO), and Bayesian ridge regression to predict the elastic constants of cubic crystal com­ pounds, identifying more than 20 candidates for inhibiting dendrite growth in lithium metal and four types of SSEs based on mechanical anisotropy at the interface.",3
Speeding up the development of solid state electrolyte by machine learning.pdf,MAT_3,Li,DFT,Software,crystal,NONE,NONE,0.75,dependency_parse,"They also used Adaptive Boosting (AdaBoost), Least Absolute Shrinkage and Selection Operator (LASSO), and Bayesian ridge regression to predict the elastic constants of cubic crystal com­ pounds, identifying more than 20 candidates for inhibiting dendrite growth in lithium metal and four types of SSEs based on mechanical anisotropy at the interface.",3
Speeding up the development of solid state electrolyte by machine learning.pdf,MAT_1,EsS2,ELECTROCHEMICAL,Cycle_Life,200,NONE,NONE,0.6,proximity,"The main reason is that the balance of perfor­ mance depends on various parameters, and many known SSEs are limited by one or several key properties, such as relatively low ionic conductivity(σ<10−3 S/cm), shorter cycle life (<200 cycles), or poor interface compatibility (poor mechanical properties, mismatched coef­ ficients of thermal expansion, etc)",1
Speeding up the development of solid state electrolyte by machine learning.pdf,MAT_2,Li3PO4,DFT,Software,crystal,NONE,NONE,0.6,proximity,[46] used a combination of ML potentials and genetic algorithm (GA) to determine doped near-ground state crystal structures and used these structures to estimate the defect formation energy for N insertion into Li3PO4.,3
Speeding up the development of solid state electrolyte by machine learning.pdf,MAT_1,EsS2,ML,Algorithm,XGBoost,NONE,NONE,0.6,dependency_parse,"More than 20,000 potential polymer SSEs were screened using neural net­ works and XGBoost algorithms, the ionic conductivity values of thou­ sands of candidate polymer SSEs were predicted, and further synthesis and characterization were performed.",3
Speeding up the development of solid state electrolyte by machine learning.pdf,MAT_1,EsS2,ML,Algorithm,SVM,NONE,NONE,0.6,proximity,"[56] used SVM for transfer learning, identifying 20 billion lithium-containing candidates, some of which could be potential SSEs.",3
Speeding up the development of solid state electrolyte by machine learning.pdf,MAT_1,EsS2,DFT,Software,crystal,NONE,NONE,0.6,proximity,"Building an SSE-related database needs to contain enough material property information, such as chemical composition, crystal structure, lattice constants, kinetic and thermodynamic properties, etc., to com­ prehensively evaluate the material properties of SSEs.",7
Speeding up the development of solid state electrolyte by machine learning.pdf,MAT_4,NF,ML,Algorithm,Neural Network,NONE,NONE,0.6,proximity,FFNN Feedforward Neural Network Easy to train and implement.,8
Speeding up the development of solid state electrolyte by machine learning.pdf,MAT_5,BN2,ML,Algorithm,Neural Network,NONE,NONE,0.6,proximity,BNN Bayesian Neural Network Provides uncertainty estimates.,8
Speeding up the development of solid state electrolyte by machine learning.pdf,MAT_1,EsS2,ML,Algorithm,deep learning,NONE,NONE,0.6,proximity,"Currently, in the field of ML applied to SSEs, there is a trend to follow the application in other materials, choosing to generate their own feature sets from a large amount of unstructured initial feature sets through deep learning methods.",8
Speeding up the development of solid state electrolyte by machine learning.pdf,MAT_1,EsS2,ML,Algorithm,deep learning,NONE,NONE,0.6,proximity,"Nevertheless, deep learning has already shown certain potential in SSEs.",8
Speeding up the development of solid state electrolyte by machine learning.pdf,MAT_1,EsS2,DFT,Software,Crystal,NONE,NONE,0.6,proximity,"For example, Crystal Graph Convolutional Neural Networks (CGCNN) have been used to predict the mechanical properties of SSEs [97].",8
Speeding up the development of solid state electrolyte by machine learning.pdf,MAT_1,EsS2,ML,Algorithm,CGCNN,NONE,NONE,0.6,proximity,"For example, Crystal Graph Convolutional Neural Networks (CGCNN) have been used to predict the mechanical properties of SSEs [97].",8
Speeding up the development of solid state electrolyte by machine learning.pdf,MAT_1,EsS2,ML,Algorithm,deep learning,NONE,NONE,0.6,proximity,"Simple linear models may be sufficient for most materials, but SSEs with complex structures may also require more sophisticated models, such as deep learning.",9
Speeding up the development of solid state electrolyte by machine learning.pdf,MAT_6,N2,ML,Algorithm,linear regression,NONE,NONE,0.4,proximity,"Sun et al. used four models: linear regression, random forest (RF), neural networks (NN), and extreme gradient boosting (XGBoost), for pre­ dicting the X-ray photoelectron spectra at SSE interfaces [106], as shown in Fig. 8 (best model only).",10
Speeding up the development of solid state electrolyte by machine learning.pdf,MAT_6,N2,ML,Algorithm,random forest,NONE,NONE,0.4,proximity,"Sun et al. used four models: linear regression, random forest (RF), neural networks (NN), and extreme gradient boosting (XGBoost), for pre­ dicting the X-ray photoelectron spectra at SSE interfaces [106], as shown in Fig. 8 (best model only).",10
Speeding up the development of solid state electrolyte by machine learning.pdf,MAT_6,N2,ML,Algorithm,gradient boosting,NONE,NONE,0.4,proximity,"Sun et al. used four models: linear regression, random forest (RF), neural networks (NN), and extreme gradient boosting (XGBoost), for pre­ dicting the X-ray photoelectron spectra at SSE interfaces [106], as shown in Fig. 8 (best model only).",10
Speeding up the development of solid state electrolyte by machine learning.pdf,MAT_6,N2,ML,Algorithm,XGBoost,NONE,NONE,0.4,proximity,"Sun et al. used four models: linear regression, random forest (RF), neural networks (NN), and extreme gradient boosting (XGBoost), for pre­ dicting the X-ray photoelectron spectra at SSE interfaces [106], as shown in Fig. 8 (best model only).",10
Speeding up the development of solid state electrolyte by machine learning.pdf,MAT_7,BN,ML,Algorithm,gradient boosting,NONE,NONE,0.25,dependency_parse,"Kang et al. employed nine different ML models, in­ cluding naive Bayes (NB), logistic regression, decision trees (DT), K- nearest neighbors (KNN), RF, gradient boosting (GB), stochastic gra­ dient descent (SGD), Light Gradient Boosting Machine (LGBM), and XGBoost, to screen SSEs for lithium-ion batteries [108].",10
Speeding up the development of solid state electrolyte by machine learning.pdf,MAT_1,EsS2,ML,Algorithm,Gradient Boosting,NONE,NONE,0.25,dependency_parse,"Kang et al. employed nine different ML models, in­ cluding naive Bayes (NB), logistic regression, decision trees (DT), K- nearest neighbors (KNN), RF, gradient boosting (GB), stochastic gra­ dient descent (SGD), Light Gradient Boosting Machine (LGBM), and XGBoost, to screen SSEs for lithium-ion batteries [108].",10
Speeding up the development of solid state electrolyte by machine learning.pdf,MAT_1,EsS2,ML,Algorithm,XGBoost,NONE,NONE,0.25,dependency_parse,"Kang et al. employed nine different ML models, in­ cluding naive Bayes (NB), logistic regression, decision trees (DT), K- nearest neighbors (KNN), RF, gradient boosting (GB), stochastic gra­ dient descent (SGD), Light Gradient Boosting Machine (LGBM), and XGBoost, to screen SSEs for lithium-ion batteries [108].",10
Speeding up the development of solid state electrolyte by machine learning.pdf,MAT_6,N2,DFT,Software,Gaussian,NONE,NONE,0.25,proximity,"Mandal et al. utilized linear regression, elastic net (EN), Lasso regression, support vector machines (SVM), XGBoost, NN, RF, and Gaussian process re­ gression (GPR) to study the impact of different glass compositions on the ionic conductivity of sodium ion conducting glass electrolytes [109].",10
Speeding up the development of solid state electrolyte by machine learning.pdf,MAT_6,N2,ML,Algorithm,linear regression,NONE,NONE,0.25,proximity,"Mandal et al. utilized linear regression, elastic net (EN), Lasso regression, support vector machines (SVM), XGBoost, NN, RF, and Gaussian process re­ gression (GPR) to study the impact of different glass compositions on the ionic conductivity of sodium ion conducting glass electrolytes [109].",10
Speeding up the development of solid state electrolyte by machine learning.pdf,MAT_6,N2,ML,Algorithm,SVM,NONE,NONE,0.25,proximity,"Mandal et al. utilized linear regression, elastic net (EN), Lasso regression, support vector machines (SVM), XGBoost, NN, RF, and Gaussian process re­ gression (GPR) to study the impact of different glass compositions on the ionic conductivity of sodium ion conducting glass electrolytes [109].",10
Speeding up the development of solid state electrolyte by machine learning.pdf,MAT_6,N2,ML,Algorithm,XGBoost,NONE,NONE,0.25,proximity,"Mandal et al. utilized linear regression, elastic net (EN), Lasso regression, support vector machines (SVM), XGBoost, NN, RF, and Gaussian process re­ gression (GPR) to study the impact of different glass compositions on the ionic conductivity of sodium ion conducting glass electrolytes [109].",10
Speeding up the development of solid state electrolyte by machine learning.pdf,MAT_6,N2,ML,Algorithm,Gaussian process,NONE,NONE,0.25,proximity,"Mandal et al. utilized linear regression, elastic net (EN), Lasso regression, support vector machines (SVM), XGBoost, NN, RF, and Gaussian process re­ gression (GPR) to study the impact of different glass compositions on the ionic conductivity of sodium ion conducting glass electrolytes [109].",10
Speeding up the development of solid state electrolyte by machine learning.pdf,MAT_8,H2,ML,Algorithm,SVM,NONE,NONE,0.25,dependency_parse,"Xu et al. used a weighted voting regression (WVR) model to predict the ionic conductivity of oxides, involving models such as AdaBoost, DT, EN, Extra Trees (ET), GB, KNN, Lasso regression, RF, and SVM",10
Speeding up the development of solid state electrolyte by machine learning.pdf,MAT_10,Li7La3Zr2O12,ML,Algorithm,XGBoost,NONE,NONE,0.25,proximity,"Sun et al. developed a ML-based model to predict the elastic properties of Li7La3Zr2O12 derived materials, trained with five models including RF, ET, GB, XGBoost, and LGBM",10
Article 11.pdf,MAT_1,KU,SYNTHESIS,Method,solid-state,NONE,NONE,0.8,proximity,"4The Faraday Institution, Didcot, UK. e-mail: saiful.islam@materials.ox.ac.uk; james.dawson@newcastle.ac.uk Nature Reviews Materials | Volume 10 | August 2025 | 566–583 566 https://doi.org/10.1038/s41578-025-00817-y Sections Introduction Fundamentals and challenges of solid-state batteries Inorganic solid electrolyte materials Materials modelling and machine learning methods Understanding the mechanisms of fast-ion transport Predicting phase formation, stability and decomposition Understanding interfacial resistance and reactivity Future perspectives",1
Article 11.pdf,MAT_2,Al2O3,DFT,Software,crystal,NONE,NONE,0.8,dependency_parse,"It has two main crystal struc- tures, β-Al2O3 and β′′-Al2O3, with the latter generally exhibiting higher ionic conductivity (>10−2 S cm−1 at 300 °C for single crystals)37,38.",3
Article 11.pdf,MAT_3,Li10Ge(PS6)2,SYNTHESIS,Method,solid-state,NONE,NONE,0.8,dependency_parse,"The 2011 discovery of Li10GeP2S12 (LGPS) with its remarkable Li-ion conductivity of ~10−2 S cm−1, compara- ble to or greater than that of commercial liquid electrolytes, was pivotal to the current surge of interest in solid-state batteries45.",3
Article 11.pdf,MAT_4,Na3Zr2Si2PO12,ML,R2,2,NONE,NONE,0.8,proximity,Ti1.7 ( P O4)3 Li6 P S5 Cl Sodium solid electrolytes Oxides Sulfides Halides β-alumina NASICON Thiophosphate Na Al11 O17 Na3 Zr2 Si2,4
Article 11.pdf,MAT_5,LaCl3,STRUCTURAL,Crystal_System,Monoclinic,NONE,NONE,0.8,dependency_parse,In Cl6 UCl3-type Li-LaCl3 Monoclinic Na3ErCl6 Trigonal Na2ZrCl6 Cl-doped Na3PS4 Na3Zr2Si2PO12 Na2.4Er0.4Zr0.6Cl6 NaPF6–EC/PC,4
Article 11.pdf,MAT_6,Na3PS4,STRUCTURAL,Crystal_System,Trigonal,NONE,NONE,0.8,dependency_parse,In Cl6 UCl3-type Li-LaCl3 Monoclinic Na3ErCl6 Trigonal Na2ZrCl6 Cl-doped Na3PS4 Na3Zr2Si2PO12 Na2.4Er0.4Zr0.6Cl6 NaPF6–EC/PC,4
Article 11.pdf,MAT_11,Li7La3Zr2O12,ELECTROCHEMICAL,Activation_Energy,0.48 eV,eV,unspecified,0.75,dependency_parse,"Classical MD simulations123 found that the Li distribution on tetrahedral and octahedral sites in cubic LLZO just above the phase transition temperature closely resembles the ordered distribution in tetragonal LLZO, and that the network of partially occupied sites strongly contributes to high conductivity with an activation energy (Eact) of 0.48 eV. An unsupervised landmark analysis133 was used to detect Li-ion jumps in MD simulations of LLZO.",6
Article 11.pdf,MAT_11,Li7La3Zr2O12,STRUCTURAL,Crystal_System,cubic,NONE,NONE,0.75,dependency_parse,"Classical MD simulations123 found that the Li distribution on tetrahedral and octahedral sites in cubic LLZO just above the phase transition temperature closely resembles the ordered distribution in tetragonal LLZO, and that the network of partially occupied sites strongly contributes to high conductivity with an activation energy (Eact) of 0.48 eV. An unsupervised landmark analysis133 was used to detect Li-ion jumps in MD simulations of LLZO.",6
Article 11.pdf,MAT_11,Li7La3Zr2O12,STRUCTURAL,Crystal_System,tetragonal,NONE,NONE,0.75,dependency_parse,"Classical MD simulations123 found that the Li distribution on tetrahedral and octahedral sites in cubic LLZO just above the phase transition temperature closely resembles the ordered distribution in tetragonal LLZO, and that the network of partially occupied sites strongly contributes to high conductivity with an activation energy (Eact) of 0.48 eV. An unsupervised landmark analysis133 was used to detect Li-ion jumps in MD simulations of LLZO.",6
Article 11.pdf,MAT_35,Li3InCl6,DFT,Software,crystal,NONE,NONE,0.75,proximity,"b, Calculated surface energies for typical crystal faces of Li3InCl6 and a high-entropy",12
Article 11.pdf,MAT_11,Li7La3Zr2O12,STRUCTURAL,Crystal_System,cubic,NONE,NONE,0.6,proximity,"Computational stud- ies into doping LLZO indicated that incorporation of pentavalent cations (for example, Ta5+ and Nb5+) on the Zr sites stabilizes the cubic",6
Article 11.pdf,MAT_11,Li7La3Zr2O12,STRUCTURAL,Crystal_System,cubic,NONE,NONE,0.6,proximity,Potential-based simulations of fluoride incorporation into LLZO com- pensated by lithium vacancies showed improved transport properties owing to stabilization of the cubic phase131.,7
Article 11.pdf,MAT_12,Li3YBr6,STRUCTURAL,Crystal_System,hexagonal,NONE,NONE,0.6,dependency_parse,"d, Crystal structures (top) of Li3YCl6 with hexagonal close-packed (hcp)-like anion lattice and Li3YBr6 with face-centred cubic (fcc)-like anion lattice, superimposed with Li+ probability density marked by yellow isosurfaces from AIMD simulations, and their corresponding Li-ion migration pathways (bottom).",7
Article 11.pdf,MAT_12,Li3YBr6,STRUCTURAL,Crystal_System,cubic,NONE,NONE,0.6,dependency_parse,"d, Crystal structures (top) of Li3YCl6 with hexagonal close-packed (hcp)-like anion lattice and Li3YBr6 with face-centred cubic (fcc)-like anion lattice, superimposed with Li+ probability density marked by yellow isosurfaces from AIMD simulations, and their corresponding Li-ion migration pathways (bottom).",7
Article 11.pdf,MAT_13,Li3YCl6,DFT,Software,Crystal,NONE,NONE,0.6,dependency_parse,"d, Crystal structures (top) of Li3YCl6 with hexagonal close-packed (hcp)-like anion lattice and Li3YBr6 with face-centred cubic (fcc)-like anion lattice, superimposed with Li+ probability density marked by yellow isosurfaces from AIMD simulations, and their corresponding Li-ion migration pathways (bottom).",7
Article 11.pdf,MAT_3,Li10Ge(PS6)2,STRUCTURAL,Crystal_System,cubic,NONE,NONE,0.6,proximity,"Nudged elastic band calculations revealed that the anion arrangement in this Li-ion conductor influences ion mobility139: the body-centred cubic (bcc)-like sulfide framework of LGPS provides a direct pathway between tetrahedral sites, leading to the lowest activation barrier (0.15 eV) compared with other pathways in close-packed anion frameworks, such as hexagonal close-packed (hcp) or fcc.",8
Article 11.pdf,MAT_3,Li10Ge(PS6)2,STRUCTURAL,Crystal_System,hexagonal,NONE,NONE,0.6,proximity,"Nudged elastic band calculations revealed that the anion arrangement in this Li-ion conductor influences ion mobility139: the body-centred cubic (bcc)-like sulfide framework of LGPS provides a direct pathway between tetrahedral sites, leading to the lowest activation barrier (0.15 eV) compared with other pathways in close-packed anion frameworks, such as hexagonal close-packed (hcp) or fcc.",8
Article 11.pdf,MAT_3,Li10Ge(PS6)2,DFT,NEB,Nudged elastic band,NONE,NONE,0.6,proximity,"Nudged elastic band calculations revealed that the anion arrangement in this Li-ion conductor influences ion mobility139: the body-centred cubic (bcc)-like sulfide framework of LGPS provides a direct pathway between tetrahedral sites, leading to the lowest activation barrier (0.15 eV) compared with other pathways in close-packed anion frameworks, such as hexagonal close-packed (hcp) or fcc.",8
Article 11.pdf,MAT_18,SiO4,ML,R2,4,NONE,NONE,0.6,dependency_parse,"MD simulations153 conducted on Na3ScxZr2–x(SiO4)2–x(PO4)1+x and Na2ScyZr2–y (SiO4)1–y(PO4)2+y (x, y = 0–1) showed that Na-ion diffusion is 3D in these materials and that ionic conductivity decreases with a higher Sc3+ concentration.",8
Article 11.pdf,MAT_18,SiO4,ML,R2,4,NONE,NONE,0.6,dependency_parse,"MD simulations153 conducted on Na3ScxZr2–x(SiO4)2–x(PO4)1+x and Na2ScyZr2–y (SiO4)1–y(PO4)2+y (x, y = 0–1) showed that Na-ion diffusion is 3D in these materials and that ionic conductivity decreases with a higher Sc3+ concentration.",8
Article 11.pdf,MAT_4,Na3Zr2Si2PO12,SYNTHESIS,Method,solid-state,NONE,NONE,0.6,proximity,"DFT calculations, X-ray diffraction, solid-state NMR and electrochemical measurements211 were used to understand the relationship between the electrochemical stability window and redox reactions in argyrodite, garnet and NASICON solid electrolyte materials.",11
Article 11.pdf,MAT_4,Na3Zr2Si2PO12,CHARACTERIZATION,Technique,NMR,NONE,NONE,0.6,proximity,"DFT calculations, X-ray diffraction, solid-state NMR and electrochemical measurements211 were used to understand the relationship between the electrochemical stability window and redox reactions in argyrodite, garnet and NASICON solid electrolyte materials.",11
Article 11.pdf,MAT_36,Li3ClO,ELECTRONIC,DOS_Mentioned,density of states,NONE,NONE,0.6,dependency_parse,"c, Projected density of states of selected grain boundaries in Li3OCl, Li2OHCl, Li3PS4 and Li3InCl6 and their corresponding bandgaps.",12
Article 11.pdf,MAT_36,Li3ClO,ELECTRONIC,PDOS_Mentioned,Projected density of states,NONE,NONE,0.6,dependency_parse,"c, Projected density of states of selected grain boundaries in Li3OCl, Li2OHCl, Li3PS4 and Li3InCl6 and their corresponding bandgaps.",12
Article 11.pdf,MAT_14,Li3Zr2Si2PO12,DFT,NEB,nudged elastic band,NONE,NONE,0.25,dependency_parse,"NASICONs For Li-based NASICONs, nudged elastic band and AIMD calculations have been used to identify diffusion pathways, activation energies and cooperative transport mechanisms in Li1.3Al0.3Ti1.7(PO4)3 (LATP)130, Li1+xAlxGe2−x(PO4)3 (ref. 149) and Li3Zr2Si2PO12 (ref. 150).",8
Article 11.pdf,MAT_14,Li3Zr2Si2PO12,ELECTROCHEMICAL,Migration_Barrier,0.27 eV,eV,unspecified,0.25,proximity,"For example, these methods revealed that Li-ion transport in LATP is dominated by concerted migrations of multiple ions with a low energy barrier of 0.27 eV (ref. 130) (Fig. 4b) and were used to investigate the influence of undercoordinated Li ions on the ionic conductivity of Li3Zr2Si2PO12 (ref. 150).",8
Article 11.pdf,MAT_21,Li3PS4,SYNTHESIS,Method,solid-state,NONE,NONE,0.25,dependency_parse,"(T = 1,000 K) 242 entries SO4 2−-free polyanion chemistry 23 entries NASICON with Na3 stoichiometry 17 entries Remove electrochemically reported compounds Synthesized via solid-state reaction: 8 compounds b Anode/ reductant 6 −6 Higher φ/ Lower μ 5 −5 Li chemical potential μLi (eV) Voltage (V) vs Li/Li+ 4 −4 3 −3 2 −2 1 −1 0 0 LiF LiCl LiI Li2O Li2S Li3N Li3P LGPS Li3.5Ge0.25PS4 Li3PS4 Li6PS5Cl Li7P2S8I LiPON LLZO LLTO LATP LAGP LISICON Higher μ c Phase separation Solid solution Nucleation barrier Gibbs free energy Solid electrolyte Intrinsic intermediate Decomposition products X1 X2 X methods highly complementary to DFT-based assessments.",10
Article 11.pdf,MAT_35,Li3InCl6,DFT,Software,crystal,NONE,NONE,0.25,dependency_parse,"Nevertheless, DFT was used to compute the sur- face energies of several distinct crystal facets of Li3InCl6 and a Li3InCl6- based high-entropy halide, Li2.8In0.2Sc0.2Yb0.2Lu0.2Zr0.2Cl6 (ref. 229) (Fig. 6b).",13
Smart Materials Prediction- Applying Machine Learning to Lithium Solid-State Electrolyte.pdf,MAT_1,C2SI,DFT,Software,Crystal,NONE,NONE,0.75,proximity,"materials Review Smart Materials Prediction: Applying Machine Learning to Lithium Solid-State Electrolyte Qianyu Hu 1 , Kunfeng Chen 1,* , Fei Liu 2, Mengying Zhao 1, Feng Liang 3 and Dongfeng Xue 4,* 1 Institute of Novel Semiconductors, State Key Laboratory of Crystal Materials, Shandong University, Jinan 250100, China; 202112795@mail.sdu.edu.cn (Q.H.); zmy418@sdu.edu.cn (M.Z.) 2 Wuhan Institute of Marine Electric Propulsion, CSIC, Wuhan 430064, China; liuf.zkdlkrgb@gmail.com 3 State Key Laboratory of Complex Non-Ferrous Metal Resources Clean Application, Faculty of Metallurgical and Energy Engineering, Kunming University of Science and Technology, Kunming 650093, China; liangfeng@kust.edu.cn 4 Multiscale Crystal Materials Research Center, Shenzhen Institute of Advanced Technology, Chinese Academy of Sciences, Shenzhen 518055, China * Correspondence: kunfeng.chen@sdu.edu.cn (K.C.); df.xue@siat.ac.cn (D.X.)",1
Smart Materials Prediction- Applying Machine Learning to Lithium Solid-State Electrolyte.pdf,MAT_1,C2SI,DFT,Software,Crystal,NONE,NONE,0.75,proximity,"materials Review Smart Materials Prediction: Applying Machine Learning to Lithium Solid-State Electrolyte Qianyu Hu 1 , Kunfeng Chen 1,* , Fei Liu 2, Mengying Zhao 1, Feng Liang 3 and Dongfeng Xue 4,* 1 Institute of Novel Semiconductors, State Key Laboratory of Crystal Materials, Shandong University, Jinan 250100, China; 202112795@mail.sdu.edu.cn (Q.H.); zmy418@sdu.edu.cn (M.Z.) 2 Wuhan Institute of Marine Electric Propulsion, CSIC, Wuhan 430064, China; liuf.zkdlkrgb@gmail.com 3 State Key Laboratory of Complex Non-Ferrous Metal Resources Clean Application, Faculty of Metallurgical and Energy Engineering, Kunming University of Science and Technology, Kunming 650093, China; liangfeng@kust.edu.cn 4 Multiscale Crystal Materials Research Center, Shenzhen Institute of Advanced Technology, Chinese Academy of Sciences, Shenzhen 518055, China * Correspondence: kunfeng.chen@sdu.edu.cn (K.C.); df.xue@siat.ac.cn (D.X.)",1
Smart Materials Prediction- Applying Machine Learning to Lithium Solid-State Electrolyte.pdf,MAT_1,C2SI,SYNTHESIS,Method,Solid-State,NONE,NONE,0.75,proximity,"materials Review Smart Materials Prediction: Applying Machine Learning to Lithium Solid-State Electrolyte Qianyu Hu 1 , Kunfeng Chen 1,* , Fei Liu 2, Mengying Zhao 1, Feng Liang 3 and Dongfeng Xue 4,* 1 Institute of Novel Semiconductors, State Key Laboratory of Crystal Materials, Shandong University, Jinan 250100, China; 202112795@mail.sdu.edu.cn (Q.H.); zmy418@sdu.edu.cn (M.Z.) 2 Wuhan Institute of Marine Electric Propulsion, CSIC, Wuhan 430064, China; liuf.zkdlkrgb@gmail.com 3 State Key Laboratory of Complex Non-Ferrous Metal Resources Clean Application, Faculty of Metallurgical and Energy Engineering, Kunming University of Science and Technology, Kunming 650093, China; liangfeng@kust.edu.cn 4 Multiscale Crystal Materials Research Center, Shenzhen Institute of Advanced Technology, Chinese Academy of Sciences, Shenzhen 518055, China * Correspondence: kunfeng.chen@sdu.edu.cn (K.C.); df.xue@siat.ac.cn (D.X.)",1
AI-Driven Rational Design of Solid-State Electrolytes .pdf,MAT_4,H2SO,ELECTRONIC,DOS_Mentioned,density of states,NONE,NONE,0.99,dependency_parse,"Figure 2. (a) Calculated total and partial density of states (TDOS, PDOS) of NaTi2(PO4)3.",6
AI-Driven Rational Design of Solid-State Electrolytes .pdf,MAT_4,H2SO,ELECTRONIC,PDOS_Mentioned,PDOS,NONE,NONE,0.99,dependency_parse,"Figure 2. (a) Calculated total and partial density of states (TDOS, PDOS) of NaTi2(PO4)3.",6
AI-Driven Rational Design of Solid-State Electrolytes .pdf,MAT_2,YbCl6,STRUCTURAL,Crystal_System,Trigonal,NONE,NONE,0.85,proximity,Crystal structures of 1 × 1 × 2 supercells of (a) Trigonal phase (b) Orthorhombic phase of Li3 YbCl6.,5
AI-Driven Rational Design of Solid-State Electrolytes .pdf,MAT_2,YbCl6,STRUCTURAL,Crystal_System,Orthorhombic,NONE,NONE,0.85,proximity,Crystal structures of 1 × 1 × 2 supercells of (a) Trigonal phase (b) Orthorhombic phase of Li3 YbCl6.,5
AI-Driven Rational Design of Solid-State Electrolytes .pdf,MAT_2,YbCl6,DFT,Software,Crystal,NONE,NONE,0.85,proximity,Crystal structures of 1 × 1 × 2 supercells of (a) Trigonal phase (b) Orthorhombic phase of Li3 YbCl6.,5
AI-Driven Rational Design of Solid-State Electrolytes .pdf,MAT_8,VI,SYNTHESIS,Method,solid-state,NONE,NONE,0.75,proximity,(b) Mapping the dendro−gram to the conductivity demonstrates the grouping of defined solid-state Li−ion metals rods in groups (V and VI).,13
AI-Driven Rational Design of Solid-State Electrolytes .pdf,MAT_1,Li2HClO,DFT,Software,crystal,NONE,NONE,0.6,proximity,"[93] SSE, has tailored the crystal framework of Li2OHCl, as illustrated in Figure 1c,d.",4
AI-Driven Rational Design of Solid-State Electrolytes .pdf,MAT_3,Li7P3S11,ELECTRONIC,DOS_Mentioned,DOS,NONE,NONE,0.6,proximity,"For example, in list of Li7P3S11-xOx materials [104], alterations in O-doping concentration facilitates to prominent variations in DOS distributions.",6
AI-Driven Rational Design of Solid-State Electrolytes .pdf,MAT_7,SrLi10(PS6)2,ELECTROCHEMICAL,Ionic_Conductivity,12.58 S/cm,S/cm,NONE,0.6,proximity,"By introducing substitution in Li10SrP2S12, has resulted in boosting the bulk modulus (10 GPa) and achieving high ionic conductivity (12.58 S/cm), as displayed in Figure 5d.",12
AI-Driven Rational Design of Solid-State Electrolytes .pdf,MAT_7,SrLi10(PS6)2,MECHANICAL,Bulk_Modulus,10 GPa,GPa,NONE,0.6,proximity,"By introducing substitution in Li10SrP2S12, has resulted in boosting the bulk modulus (10 GPa) and achieving high ionic conductivity (12.58 S/cm), as displayed in Figure 5d.",12
AI-Driven Rational Design of Solid-State Electrolytes .pdf,MAT_9,P(HN)2,ML,Algorithm,Neural Network,NONE,NONE,0.6,proximity,"To study the phase transition of SSE materials, Eickhoff’s group employed the High Dimensional Neural Network Potentials (HDNNP) technique to analyze geometrical properties of (LixMn2O4) spinal system [190]",13
AI-Driven Rational Design of Solid-State Electrolytes .pdf,MAT_10,Li7La3Zr2O12,ML,Algorithm,neural network,NONE,NONE,0.6,proximity,"Recently, Iwasaki employed universal neural network potentials (UNNPs) coupled with MD simulations and explored the interfacial kinetics between the garnet-type SSE Li7La3Zr2O12 (LLZ) and (Li) metal and their ion.",14
AI-Driven Rational Design of Solid-State Electrolytes .pdf,MAT_11,Li4P2O7,DFT,Software,crystal,NONE,NONE,0.6,proximity,"and nodes related to interatomic interactions and atoms of Li4P2O7 crystal structure, respectively.",16
AI-Driven Rational Design of Solid-State Electrolytes .pdf,MAT_6,LiMn2O4,DFT,Hubbard_U,3.9 eV,eV,NONE,0.25,proximity,Han et al. investigated the work function of LiMn2O4 cathode surfaces (with Li-ion concentration from x = 0 to 0.8 range) using (3 × 3 × 1) k-point mesh integrated with the Hubbard U correction (U = 3.9 eV),6
Article 1.pdf,MAT_8,Li10Ge(PS6)2,SYNTHESIS,Method,solid-state,NONE,NONE,0.95,dependency_parse,"10:5260 | https://doi.org/10.1038/s41467-019-13214-1 | www.nature.com/naturecommunications 3 b Li2S fcc γ-Li3PS4 Li4GeS4 hcp Li7P3S11 LGPS bcc 20 40 2θ 60 80 Unsupervised Further verification : learning : clustering into ab initio calculations groups As confirmed by quantitative correlation between the groups and σRT, our unsupervised learning model captured the physical dependence of fast solid-state Li+-diffusion on anion lattice.",3
Article 1.pdf,MAT_16,I,STRUCTURAL,Crystal_System,cubic,NONE,NONE,0.65,dependency_parse,"By analyzing the structural origin of the clustered groups, (Supplementary Note 6), we found the materials in Group I, II, and III correspond to highly symmetrical fcc (face centered cubic), hcp (hexagonal close packed), and bcc anion lattices, respectively.",4
Article 1.pdf,MAT_16,I,STRUCTURAL,Crystal_System,hexagonal,NONE,NONE,0.65,dependency_parse,"By analyzing the structural origin of the clustered groups, (Supplementary Note 6), we found the materials in Group I, II, and III correspond to highly symmetrical fcc (face centered cubic), hcp (hexagonal close packed), and bcc anion lattices, respectively.",4
Article 1.pdf,MAT_1,Li7P3S113,SYNTHESIS,Method,solid-state,NONE,NONE,0.6,dependency_parse,"Although there are several thousands of known lithium-containing compounds, fast Li+ conduction with σRT close to 10−3–10−2 S cm−1, comparable to the level in liquid electrolytes, is a rare property held by only a few solid-state Li-ion conductors (SSLCs), such as lithium thiopho- sphates (e.g., Li7P3S113 and Li10GeP2S124, LGPS), garnet (e.g., Li7Li3Zr2O125, LLZO), NASICON (e.g., Li1.3Al0.3Ti1.7(PO4)36, LATP), perovskite (e.g., Li0.5La0.5TiO37, LLTO), Li3N8, and argyrodite9 (e.g., Li6PS5Cl) (Fig. 1a).",2
Article 1.pdf,MAT_15,VI,SYNTHESIS,Method,solid-state,NONE,NONE,0.5,proximity,b Mapping the dendrogram to the conductivity reveals the grouping of known solid-state Li-ion conductors in group V and VI.,4
OBELiX- A Curated Dataset of Crystal Structures and Experimentally Measured Ionic Conductivities for Lithium Solid-State Electrolytes.pdf,MAT_1,EsS2,ELECTROCHEMICAL,Ionic_Conductivity,0.001 S/cm,S/cm,NONE,0.95,proximity,"Ideal SSEs, also called “superionic” or “fast-ionic” conductors, are electrolytes that exhibit ionic conductivity comparable to those observed in liquid electrolytes and molten solids (> 1 mS/cm).",1
OBELiX- A Curated Dataset of Crystal Structures and Experimentally Measured Ionic Conductivities for Lithium Solid-State Electrolytes.pdf,MAT_2,HI,STRUCTURAL,Space_Group,and,NONE,NONE,0.8,proximity,"[17] gathered a dataset of 1346 entries with compositions, space group, and corresponding σRT, with a subset of 344 compounds whose structures are manually matched with an ICSD ID.",3
OBELiX- A Curated Dataset of Crystal Structures and Experimentally Measured Ionic Conductivities for Lithium Solid-State Electrolytes.pdf,MAT_1,EsS2,SYNTHESIS,Method,Solid-State,NONE,NONE,0.8,proximity,[33] introduced the Dynamic Database of Solid-State Electrolyte (DDSE) to facilitate the exploration of structure-performance relationships and accelerate the discovery of high-performance solid-state electrolytes (SSEs).,3
OBELiX- A Curated Dataset of Crystal Structures and Experimentally Measured Ionic Conductivities for Lithium Solid-State Electrolytes.pdf,MAT_1,EsS2,SYNTHESIS,Method,solid-state,NONE,NONE,0.8,proximity,[33] introduced the Dynamic Database of Solid-State Electrolyte (DDSE) to facilitate the exploration of structure-performance relationships and accelerate the discovery of high-performance solid-state electrolytes (SSEs).,3
OBELiX- A Curated Dataset of Crystal Structures and Experimentally Measured Ionic Conductivities for Lithium Solid-State Electrolytes.pdf,MAT_3,Li5ZrO6,STRUCTURAL,Space_Group,of,NONE,NONE,0.6,dependency_parse,"For example, the σRT of tetragonal Li7Li3Zr2O12 with a space group of I41/acd (no. 142) is two orders of magnitude smaller than that of the same garnet framework of cubic Li7Li3Zr2O12 with Ia-3d (no. 230) (see Figure 1a).",4
OBELiX- A Curated Dataset of Crystal Structures and Experimentally Measured Ionic Conductivities for Lithium Solid-State Electrolytes.pdf,MAT_3,Li5ZrO6,STRUCTURAL,Crystal_System,tetragonal,NONE,NONE,0.6,dependency_parse,"For example, the σRT of tetragonal Li7Li3Zr2O12 with a space group of I41/acd (no. 142) is two orders of magnitude smaller than that of the same garnet framework of cubic Li7Li3Zr2O12 with Ia-3d (no. 230) (see Figure 1a).",4
OBELiX- A Curated Dataset of Crystal Structures and Experimentally Measured Ionic Conductivities for Lithium Solid-State Electrolytes.pdf,MAT_3,Li5ZrO6,STRUCTURAL,Crystal_System,cubic,NONE,NONE,0.6,dependency_parse,"For example, the σRT of tetragonal Li7Li3Zr2O12 with a space group of I41/acd (no. 142) is two orders of magnitude smaller than that of the same garnet framework of cubic Li7Li3Zr2O12 with Ia-3d (no. 230) (see Figure 1a).",4
OBELiX- A Curated Dataset of Crystal Structures and Experimentally Measured Ionic Conductivities for Lithium Solid-State Electrolytes.pdf,MAT_4,Li3PO4,STRUCTURAL,Space_Group,pnm21 (no. 31),NONE,NONE,0.6,dependency_parse,"For example, the unit cell compositions of Li3PO4 could be Li6P2O8 and Li12P4O16 with Z=2 for the space group pnm21 (no. 31) and Z=4 for pnma (no. 62), respectively.",4
OBELiX- A Curated Dataset of Crystal Structures and Experimentally Measured Ionic Conductivities for Lithium Solid-State Electrolytes.pdf,MAT_5,SO3Ne,ML,Algorithm,CGCNN,NONE,NONE,0.6,proximity,- CIF only Default 1.0 Pre-trained Test - full set Test - CIF only Disorder-aware 0.5 PaiNN SO3Net SchNet M3GNet CGCNN MLP RF,8
OBELiX- A Curated Dataset of Crystal Structures and Experimentally Measured Ionic Conductivities for Lithium Solid-State Electrolytes.pdf,MAT_5,SO3Ne,ML,Algorithm,CGCNN,NONE,NONE,0.6,dependency_parse,"To further explore the effects of partial occupancy, which, as explained in Section 3.1, is an important concept in this field, we introduce new implementations of both CGCNN and SO3Net (dis-CGCNN and dis-SO3Net) that take into account partial occupation (disorder).",8
OBELiX- A Curated Dataset of Crystal Structures and Experimentally Measured Ionic Conductivities for Lithium Solid-State Electrolytes.pdf,MAT_5,SO3Ne,ML,Algorithm,CGCNN,NONE,NONE,0.6,dependency_parse,"To further explore the effects of partial occupancy, which, as explained in Section 3.1, is an important concept in this field, we introduce new implementations of both CGCNN and SO3Net (dis-CGCNN and dis-SO3Net) that take into account partial occupation (disorder).",8
Article 2.pdf,MAT_22,Li2HIO,ELECTROCHEMICAL,Migration_Barrier,0.35 eV,eV,unspecified,0.8,proximity,"Materials with dotted lines have caveats in their extrapolations: (1) Li2HIO was only simulated at 400 K due to melting at higher temperatures; the RT extrapolation assumes a diffusion barrier of 0.35 eV: a typical, if high, Li ion diffusion barrier in fast conducting materials.",5
Article 2.pdf,MAT_21,LiSO3F,ML,Precision,1.00 %,%,NONE,0.75,proximity,"This value is similar to the 90.0% model accuracy predicted via leave-one-out cross-validation in the original model building process.7 Only one material (LiSO3F) was predicted to be a superionic conductor by the ML-based model, and our DFT simulation confirmed the prediction was correct; this gives a model precision of 1.0 on this particular test set.",8
Article 2.pdf,MAT_21,LiSO3F,ML,Recall,1.00 %,%,NONE,0.75,dependency_parse,"Of the three materials that DFT-MD found to be RT superionic conductors (LiSO3F, LiSbO3, Li6Ho(BO3)3), only one was accurately predicted by the ML model; this gives a model recall of 1/3 = 0.333 on the test set.",8
Article 2.pdf,MAT_23,Li5B7S13,ML,Precision,40.00 %,%,NONE,0.65,dependency_parse,"F1 score fast Li ion conducting materials identified (in this work) model precision recall machine learning (logistic regression on 40 1.0 0.33 0.5 Li5B7S13, Li2B2S5, Li3ErCl6, Li2HIO, LiSO3F, Li3InCl6, CsLi2BS3, LiMgB3(H9N)2, examples) Sr2LiCBr3N2 (marginal), LiErSe2 (marginal) random selection 0.14 0.14 0.14 Li6Ho(BO3)3, LiSbO3, LiSO3F Ph.D. student screening 0.25 0.22 0.24 − aHere we provide the performance metrics (precision, recall, F1 score) and list of discovered fast Li ion conducting materials for the three models explored in this work.",9
Article 2.pdf,MAT_27,Sr2LiCBr3N2,ML,Precision,1.00 %,%,NONE,0.65,dependency_parse,"F1 score fast Li ion conducting materials identified (in this work) model precision recall machine learning (logistic regression on 40 1.0 0.33 0.5 Li5B7S13, Li2B2S5, Li3ErCl6, Li2HIO, LiSO3F, Li3InCl6, CsLi2BS3, LiMgB3(H9N)2, examples) Sr2LiCBr3N2 (marginal), LiErSe2 (marginal) random selection 0.14 0.14 0.14 Li6Ho(BO3)3, LiSbO3, LiSO3F Ph.D. student screening 0.25 0.22 0.24 − aHere we provide the performance metrics (precision, recall, F1 score) and list of discovered fast Li ion conducting materials for the three models explored in this work.",9
Article 2.pdf,MAT_23,Li5B7S13,ML,Recall,40.00 %,%,NONE,0.65,dependency_parse,"F1 score fast Li ion conducting materials identified (in this work) model precision recall machine learning (logistic regression on 40 1.0 0.33 0.5 Li5B7S13, Li2B2S5, Li3ErCl6, Li2HIO, LiSO3F, Li3InCl6, CsLi2BS3, LiMgB3(H9N)2, examples) Sr2LiCBr3N2 (marginal), LiErSe2 (marginal) random selection 0.14 0.14 0.14 Li6Ho(BO3)3, LiSbO3, LiSO3F Ph.D. student screening 0.25 0.22 0.24 − aHere we provide the performance metrics (precision, recall, F1 score) and list of discovered fast Li ion conducting materials for the three models explored in this work.",9
Article 2.pdf,MAT_27,Sr2LiCBr3N2,ML,Recall,1.00 %,%,NONE,0.65,dependency_parse,"F1 score fast Li ion conducting materials identified (in this work) model precision recall machine learning (logistic regression on 40 1.0 0.33 0.5 Li5B7S13, Li2B2S5, Li3ErCl6, Li2HIO, LiSO3F, Li3InCl6, CsLi2BS3, LiMgB3(H9N)2, examples) Sr2LiCBr3N2 (marginal), LiErSe2 (marginal) random selection 0.14 0.14 0.14 Li6Ho(BO3)3, LiSbO3, LiSO3F Ph.D. student screening 0.25 0.22 0.24 − aHere we provide the performance metrics (precision, recall, F1 score) and list of discovered fast Li ion conducting materials for the three models explored in this work.",9
Article 2.pdf,MAT_1,Li3Pr2(BO3)3,ML,R2,3,NONE,NONE,0.6,dependency_parse,"Mater. 2019, 31, 342−352 345 model are the following: LiLa2SbO6 (0%), Li6UO6 (7.7%), LiInF4 (0.6%), LiBiF4 (0.2%), Li6Ho(BO3)3 (10.1%), RbLiB4O7 (4%), Li4Be3As3ClO12 (0.3%), Li6TeO6 (6.4%), Li3Pr2(BO3)3 (9.2%), NaLiS (36%), LiSbO3 (2.4%), LiCaGaF6 (0.0%), Li2Te2O5 (15.8%), LiNO3 (8.3%), Ba4Li(SbO4)3 (0.0%), Rb2Li2SiO4 (4.5%), NaLi2PO4 (0.0%), Cs4Li2(Si2O5)3 (0.1%), RbLi(H2N)2 (24.5%), Cs2LiTlF6 (0.0%), and LiSO3F (100%).",4
Article 2.pdf,MAT_23,Li5B7S13,ELECTROCHEMICAL,Ionic_Conductivity,0.074 S/cm,S/cm,NONE,0.6,dependency_parse,"The RT ionic conductivity of Li5B7S13 in particular is predicted to be an exceptional 74 mS/cm, six times higher than the material Li10GeP2S12 (12 mS/cm),4 one of the best known Li-ion conductors.",5
Article 2.pdf,MAT_1,Li3Pr2(BO3)3,ML,R2,3,NONE,NONE,0.6,proximity,no yes 13772 Li3Pr2(BO3)3 ∼0,7
Article 2.pdf,MAT_25,Li3ErCl6,ELECTROCHEMICAL,Ionic_Conductivity,0.0003 S/cm,S/cm,NONE,0.6,dependency_parse,"Li3ErCl6, an Er-substituted analogue to the fast-conducting Li3InCl6, appears to be a promising Li conductor with a predicted RT ionic conductivity of 3 × 10−4 S/cm, although the high atomic mass and low earth abundance of Er makes it a less attractive candidate for battery applications.",7
Article 2.pdf,MAT_27,Sr2LiCBr3N2,SYNTHESIS,Method,solid-state,NONE,NONE,0.6,dependency_parse,Sr2LiCBr3N2 is a solid-state carbodiimide material that was first characterized in 2005;32 RbLi(H2N)2 was originally synthesized in 191833 and subsequently characterized in 2002;34 and LiMgB3(H9N)2 was initially synthesized and studied in 2014 as a candidate solid-state Chem.,7
Article 2.pdf,MAT_28,LiMgB3(H9N)2,SYNTHESIS,Method,solid-state,NONE,NONE,0.6,dependency_parse,Sr2LiCBr3N2 is a solid-state carbodiimide material that was first characterized in 2005;32 RbLi(H2N)2 was originally synthesized in 191833 and subsequently characterized in 2002;34 and LiMgB3(H9N)2 was initially synthesized and studied in 2014 as a candidate solid-state Chem.,7
Article 2.pdf,MAT_6,Li6Ho(BO3)3,DFT,Software,crystal,NONE,NONE,0.6,proximity,It is possible that the model may recognize that experimental efforts on Li6Ho(BO3)3 are likely to yield a poor conductor even though the single crystal conductivity is fast.,9
Article 2.pdf,MAT_33,Li7P3S11,DFT,Software,Crystal,NONE,NONE,0.5,proximity,"Crystal structure of a superionic conductor, Li7P3S11.",10
Article 2.pdf,MAT_11,LiSbO3,DFT,Software,crystal,NONE,NONE,0.5,proximity,The crystal structure of the double lithium antimony (V) oxide LiSbO3.,11
Article 2.pdf,MAT_21,LiSO3F,DFT,Software,crystal,NONE,NONE,0.5,proximity,"The crystal structure of lithium fluorosulphate LiSO3F. Acta Crystallogr., Sect.",11
Article 2.pdf,MAT_29,HIO,ML,Training_Size,10.1021,NONE,NONE,0.25,dependency_parse,"Li6Ho(BO3)3 was first characterized39 in 1977, and exper- imental work from 1982 reported it to have poor RT ionic conductivity.40 If the experimental observation is assumed to reflect the “ground truth” of ionic conductivity, this gives Li6Ho(BO3)3 the interesting distinction of having been accurately predicted to be a poor ion conductor by the ML model (which was trained on experimental data) but DOI: 10.1021/acs.chemmater.8b03272",7
Article 3.pdf,MAT_1,EsS2,SYNTHESIS,Method,solid-state,NONE,NONE,0.6,proximity,The development of next-generation solid-state batteries (SSBs) relies heavily on the discovery of high- performance inorganic solid-state electrolytes (SSEs).,1
Article 3.pdf,MAT_1,EsS2,SYNTHESIS,Method,solid-state,NONE,NONE,0.6,proximity,The development of next-generation solid-state batteries (SSBs) relies heavily on the discovery of high- performance inorganic solid-state electrolytes (SSEs).,1
Article 3.pdf,MAT_1,EsS2,SYNTHESIS,Method,Solid-state,NONE,NONE,0.6,proximity,"Solid-state electrolytes (SSEs) are a key part of SSBs, for which they need to meet: high ionic conductivity, wide electrochemical stable window, stable interfacial properties and other requirements",1
Article 3.pdf,MAT_2,H2S,SYNTHESIS,Method,solid-state,NONE,NONE,0.6,proximity,High-Throughput Screening (HTS) has emerged as a key strategy for accelerating the discovery of solid-state electrolytes by enabling systematic and large-scale evaluation of material properties [29–34].,2
Article 3.pdf,MAT_1,EsS2,DFT,Software,crystal,NONE,NONE,0.6,proximity,ML approach for predicting ionic conductivity 6 involves extracting descriptors from the crystal structure of SSEs and establishing a quantitative relationship between the structural features and intrinsic ionic conductivity.,6
Article 3.pdf,MAT_3,VI,SYNTHESIS,Method,solid-state,NONE,NONE,0.6,proximity,(b) Mapping the dendrogram to the conductivity reveals the grouping of known solid-state Li-ion conductors in group V and VI.,7
Article 3.pdf,MAT_4,LiBiO2,ELECTROCHEMICAL,Migration_Barrier,0.27 eV,eV,unspecified,0.6,dependency_parse,"The model is validated via DFT calcu­ lations on several unseen compounds and experimentally using elec­ trochemical impedance spectroscopy, confirming accurate predictions for known ionic conductors like Li6PS5Cl and identifying promising candidates such as LiBiO2 with a low migration barrier of 0.27 eV.",9
Article 3.pdf,MAT_7,Li7Pm2Ti3O12,ELECTROCHEMICAL,Ionic_Conductivity,0.01121 S/cm,S/cm,NONE,0.6,dependency_parse,"Key results include the discovery of high-performance electrolytes such as Li7Ti3Pm2O12 (GVRH=32.98 GPa, ionic conductivity=11.21 mS/cm), demonstrating the effectiveness of this ML-enhanced approach in rapidly discovering mechanically supe­ rior SSEs.",11
Article 3.pdf,MAT_8,Li2S,STRUCTURAL,Space_Group,Fm-3m,NONE,NONE,0.6,proximity,(h) Structure of the crystalline SEI region along different directions and surface structure of Li2S with space group Fm-3m along 101/110/011 and 100/010/001,13
Article 3.pdf,MAT_1,EsS2,DFT,Software,crystal,NONE,NONE,0.25,proximity,Shi et al. proposed a ML framework based on hi­ erarchically encoding crystal structure-based (HECS) descriptors for predicting Ea of SSEs (Fig. 5a),7
Article 3.pdf,MAT_6,Li,MECHANICAL,Shear_Modulus,8.5 GPa,GPa,NONE,0.25,proximity,"According to the Monroe-Newman criterion, a shear modulus exceeding twice that of lithium metal (approximately >8.5 GPa) is theoretically required to prevent dendrite penetration through the electrolyte [78].",9
Article 7.pdf,MAT_1,LiPS70,AIMD,Trajectory_Length,1e+04 ps,ps,NONE,0.95,proximity,"Fig- ure 3b shows an example of the trajectory of Li-ions in a small section of the 70Li2S-30P2S5 (LiPS70) glass sampled over 10 ns at 300 K. Details of these calculations are outlined in the Methods section, fol- lowing a common strategy of calculating the mean square displace- ment (MSD) of each elemental type at varying temperatures (Fig. 3c).",4
Article 7.pdf,MAT_1,LiPS70,AIMD,MSD_Mentioned,MSD,NONE,NONE,0.95,proximity,"Fig- ure 3b shows an example of the trajectory of Li-ions in a small section of the 70Li2S-30P2S5 (LiPS70) glass sampled over 10 ns at 300 K. Details of these calculations are outlined in the Methods section, fol- lowing a common strategy of calculating the mean square displace- ment (MSD) of each elemental type at varying temperatures (Fig. 3c).",4
Article 7.pdf,MAT_2,LiPS,AIMD,Ensemble,NVT,NONE,NONE,0.6,proximity,"For the LiPS system, the structures were first melted at 3000 K in the NVT ensemble for 100 ps and subsequently quenched by cooling to 300 K in the NVT ensemble with a cooling rate of 30 K/ps.",6
Article 7.pdf,MAT_2,LiPS,AIMD,Ensemble,NVT,NONE,NONE,0.6,proximity,"For the LiPS system, the structures were first melted at 3000 K in the NVT ensemble for 100 ps and subsequently quenched by cooling to 300 K in the NVT ensemble with a cooling rate of 30 K/ps.",6
Article 7.pdf,MAT_6,NaSiS,AIMD,Ensemble,NVT,NONE,NONE,0.6,proximity,"Similarly, for the NaSiS system, the structures were first melted at 3000 K in the NVT ensemble for 100 ps, followed by quenching to 300 K in the NVT ensemble with a cooling rate of 100 K/ps and subsequently relaxed for 1 ns at 300 K in NVT.",6
Article 7.pdf,MAT_6,NaSiS,AIMD,Ensemble,NVT,NONE,NONE,0.6,proximity,"Similarly, for the NaSiS system, the structures were first melted at 3000 K in the NVT ensemble for 100 ps, followed by quenching to 300 K in the NVT ensemble with a cooling rate of 100 K/ps and subsequently relaxed for 1 ns at 300 K in NVT.",6
Article 7.pdf,MAT_6,NaSiS,AIMD,Ensemble,NVT,NONE,NONE,0.6,proximity,"Similarly, for the NaSiS system, the structures were first melted at 3000 K in the NVT ensemble for 100 ps, followed by quenching to 300 K in the NVT ensemble with a cooling rate of 100 K/ps and subsequently relaxed for 1 ns at 300 K in NVT.",6
Article 7.pdf,MAT_7,LiBP,AIMD,Ensemble,NVT,NONE,NONE,0.6,proximity,"For the LiBP system, the structures were melted at 3000 K in the NVT ensemble for 200 ps and quenched to 300 K in the NPT ensemble at zero pressure using a cooling rate of 1 K/ps.",6
Article 7.pdf,MAT_7,LiBP,AIMD,Ensemble,NPT,NONE,NONE,0.6,proximity,"For the LiBP system, the structures were melted at 3000 K in the NVT ensemble for 200 ps and quenched to 300 K in the NPT ensemble at zero pressure using a cooling rate of 1 K/ps.",6
Article 7.pdf,MAT_8,KSI3N,ML,Algorithm,linear regression,NONE,NONE,0.6,proximity,"Calculation of MSDs and the associated diffusion coefficients for Li and Na in the different glass systems at the sampled temperatures was performed using Bayesian linear regression via Markov-chain Nature Communications Article in Press Monte Carlo sampling as implemented in the KINISI python package52,53.",7
Article 7.pdf,MAT_2,LiPS,CHARACTERIZATION,Technique,Raman,NONE,NONE,0.25,dependency_parse,"For the LiPS glasses, appropriate ratios of predefined structural units (PS4, P2S6, P2S7, and Li) according to experimental Raman and 31P magic angle spinning nuclear magnetic resonance spectroscopy measurements51 were randomly placed in a simulated box.",6
Machine_Learning_Paradigm_for_Advanced_Battery_Ele.pdf,MAT_2,EsSI,DFT,Software,crystal,NONE,NONE,0.8,proximity,"Different from flexible polymers, ISEs utilize a rigid crystal lattice for ion transport via vacancy or interstitial hopping mechanisms (Figure 2F).",4
Machine_Learning_Paradigm_for_Advanced_Battery_Ele.pdf,MAT_3,N2F,ML,Algorithm,neural network,NONE,NONE,0.8,proximity,"A Feedforward neural network (FNN), also 6 of 27 Carbon Energy, 2026 named a multilayer perceptron (MLP), is constructed by stacking these neurons hierarchically.",6
Machine_Learning_Paradigm_for_Advanced_Battery_Ele.pdf,MAT_1,PC2N,ML,Algorithm,deep learning,NONE,NONE,0.75,proximity,"Funding: Scientific Research Innovation Capability Support Project for Young Faculty, Grant/Award Number: ZYGXQNJSKYCXNLZCXM-M4; National Outstanding Youth Science Fund, Grant/Award Number: 52222314; CNPC Innovation Found, Grant/Award Number: 2021DQ02-1001; Dalian Outstanding Youth Science and Technology Talent Project, Grant/Award Number: 2023RJ006; Dalian Science and Technology Innovation Project, Grant/Award Number: 2022JJ12GX022 Keywords: artificial intelligence | battery | deep learning | liquid electrolyte | machine learning | solid‐state electrolyte",1
Machine_Learning_Paradigm_for_Advanced_Battery_Ele.pdf,MAT_4,CN2,ML,Algorithm,neural network,NONE,NONE,0.75,proximity,"To overcome this limitation, a convolutional neural network (CNN) effectively extracts these spatial features by simulating the local perception mechanisms found in bio­ logical visual systems",6
Machine_Learning_Paradigm_for_Advanced_Battery_Ele.pdf,MAT_7,HN,ML,Algorithm,CatBoost,NONE,NONE,0.75,proximity,"Among these, the CatBoost model achieved test R2 exceeding 0.86 and 0.96 for the prediction of DN and AN.",12
Machine_Learning_Paradigm_for_Advanced_Battery_Ele.pdf,MAT_7,HN,ML,R2,0.86,NONE,NONE,0.75,proximity,"Among these, the CatBoost model achieved test R2 exceeding 0.86 and 0.96 for the prediction of DN and AN.",12
Machine_Learning_Paradigm_for_Advanced_Battery_Ele.pdf,MAT_4,CN2,ML,Algorithm,GNN,NONE,NONE,0.6,proximity,"Different from CNN and GNN, the Transformer structure abandons dependence on fixed topological structures through the self‐attention mechanism [65].",7
Machine_Learning_Paradigm_for_Advanced_Battery_Ele.pdf,MAT_5,BP,THERMAL,Melting_Point,300.1 kelvin,kelvin,NONE,0.6,dependency_parse,"Melting point (MP), boiling point (BP), and flash 12 of 27 Carbon Energy, 2026 point (FP) of electrolyte molecules are essential for battery development.",12
Machine_Learning_Paradigm_for_Advanced_Battery_Ele.pdf,MAT_8,PO,DFT,Software,Gaussian,NONE,NONE,0.6,proximity,"Different ML models, including SVM regression, kernel ridge regression, XGBoost, and Gaussian process regression, were used to enable the facile prediction of OP.",14
Machine_Learning_Paradigm_for_Advanced_Battery_Ele.pdf,MAT_8,PO,ML,Algorithm,SVM,NONE,NONE,0.6,proximity,"Different ML models, including SVM regression, kernel ridge regression, XGBoost, and Gaussian process regression, were used to enable the facile prediction of OP.",14
Machine_Learning_Paradigm_for_Advanced_Battery_Ele.pdf,MAT_8,PO,ML,Algorithm,kernel ridge regression,NONE,NONE,0.6,proximity,"Different ML models, including SVM regression, kernel ridge regression, XGBoost, and Gaussian process regression, were used to enable the facile prediction of OP.",14
Machine_Learning_Paradigm_for_Advanced_Battery_Ele.pdf,MAT_8,PO,ML,Algorithm,XGBoost,NONE,NONE,0.6,proximity,"Different ML models, including SVM regression, kernel ridge regression, XGBoost, and Gaussian process regression, were used to enable the facile prediction of OP.",14
Machine_Learning_Paradigm_for_Advanced_Battery_Ele.pdf,MAT_8,PO,ML,Algorithm,Gaussian process,NONE,NONE,0.6,proximity,"Different ML models, including SVM regression, kernel ridge regression, XGBoost, and Gaussian process regression, were used to enable the facile prediction of OP.",14
Machine_Learning_Paradigm_for_Advanced_Battery_Ele.pdf,MAT_8,PO,ML,F1_Score,1,NONE,NONE,0.6,proximity,"Moreover, relying on the SHAP values calculation, the key features that determine OP were identified (N3, F1, O1, C3).",14
Machine_Learning_Paradigm_for_Advanced_Battery_Ele.pdf,MAT_8,PO,ML,Explainability_Method,SHAP,NONE,NONE,0.6,proximity,"Moreover, relying on the SHAP values calculation, the key features that determine OP were identified (N3, F1, O1, C3).",14
Machine_Learning_Paradigm_for_Advanced_Battery_Ele.pdf,MAT_9,H2N,ML,Explainability_Method,SHAP,NONE,NONE,0.6,proximity,"Relying on feature engineering and SHAP analysis, they discovered that increasing the content of amino (NH2) groups while decreasing carbonyl (C=O) groups of the molecule reduces deposition overpotential.",14
Machine_Learning_Paradigm_for_Advanced_Battery_Ele.pdf,MAT_10,Zn(ClO4)2,ML,Explainability_Method,SHAP,NONE,NONE,0.6,proximity,"Guided by SHAP values, they rationally designed the Zn(ClO4)2‐TMU electrolyte that exhibited high ionic conductivity and stable cycling performance in zinc symmetric cells.",15
Machine_Learning_Paradigm_for_Advanced_Battery_Ele.pdf,MAT_11,LiFePO4,DFT,Software,Gaussian,NONE,NONE,0.6,proximity,LiFePO4 to train a Gaussian Process Regression (GPR) surro­ gate model.,16
Machine_Learning_Paradigm_for_Advanced_Battery_Ele.pdf,MAT_11,LiFePO4,ML,Algorithm,Gaussian Process,NONE,NONE,0.6,proximity,LiFePO4 to train a Gaussian Process Regression (GPR) surro­ gate model.,16
Machine_Learning_Paradigm_for_Advanced_Battery_Ele.pdf,MAT_2,EsSI,DFT,Software,crystal,NONE,NONE,0.6,proximity,"data, the chemical composition, crystal structure parameters, thermodynamic stability, ion migration activation energy, and corresponding ionic conductivity of ISEs are systematically col­ lected and converted into high‐dimensional descriptors that can be identified by the model [152, 153].",20
Machine_Learning_Paradigm_for_Advanced_Battery_Ele.pdf,MAT_12,LiCo,ML,Algorithm,XGBoost,NONE,NONE,0.6,proximity,"They developed the LiCondAI integrated XGBoost, gradient boosting, and RF algorithms to achieve 97% prediction accuracy of ionic conductivity, which greatly improves the screening efficiency of electrolytes for lithium‐ion and lithium‐metal solid‐state batteries (Figure 11A).",20
Machine_Learning_Paradigm_for_Advanced_Battery_Ele.pdf,MAT_12,LiCo,ML,Algorithm,gradient boosting,NONE,NONE,0.6,proximity,"They developed the LiCondAI integrated XGBoost, gradient boosting, and RF algorithms to achieve 97% prediction accuracy of ionic conductivity, which greatly improves the screening efficiency of electrolytes for lithium‐ion and lithium‐metal solid‐state batteries (Figure 11A).",20
Machine_Learning_Paradigm_for_Advanced_Battery_Ele.pdf,MAT_6,PF,DFT,Software,crystal,NONE,NONE,0.6,proximity,"It enables automated prediction of ion migration pathways and energy barriers within crystal structures, thereby guiding first‐principles functional‐projected elastic band (FP‐NEB) calculations.",20
Machine_Learning_Paradigm_for_Advanced_Battery_Ele.pdf,MAT_6,PF,DFT,NEB,NEB,NONE,NONE,0.6,proximity,"It enables automated prediction of ion migration pathways and energy barriers within crystal structures, thereby guiding first‐principles functional‐projected elastic band (FP‐NEB) calculations.",20
Machine_Learning_Paradigm_for_Advanced_Battery_Ele.pdf,MAT_13,Li10Ge(PS6)2,ELECTROCHEMICAL,Activation_Energy,0.226 eV,eV,unspecified,0.25,dependency_parse,"Previous studies have shown that MLIPs can successfully sim­ ulate the diffusion behavior of lithium ions in solid electrolytes of Li10GeP2S12 (LGPS), accurately predict the diffusion rate (12 mS cm−1) and activation energy (226 meV) at 300 K, and further reveal the regulation of chloride doping on ionic con­ ductivity, which is difficult to be systematically realized under the traditional DFT framework",20
Article 6.pdf,MAT_2,HSO,DFT,SOC,SOC,NONE,NONE,0.8,dependency_parse,Degradation trajectories and life labels; 6. SOC/SOH/SOE/state of power (SOP) indicators; 4.,5
Article 6.pdf,MAT_4,CI,DFT,NEB,nudged elastic band,NONE,NONE,0.8,proximity,"At the kinetic level, DFT combined with minimum-energy-path methods, particularly the climbing-image nudged elastic band (CI- NEB) approach, provides access to Li-ion migration barriers along different crystallographic pathways and under varied defect environ­ ments.",6
Article 6.pdf,MAT_4,CI,DFT,NEB,NEB,NONE,NONE,0.8,proximity,"At the kinetic level, DFT combined with minimum-energy-path methods, particularly the climbing-image nudged elastic band (CI- NEB) approach, provides access to Li-ion migration barriers along different crystallographic pathways and under varied defect environ­ ments.",6
Article 6.pdf,MAT_2,HSO,DFT,SOC,SOC,NONE,NONE,0.8,proximity,"These outputs are important not only because they explain single-cell behavior, but also because they can be further reduced to OCV–SOC relationships, internal resistance, polarization parameters, heat-generation descriptors, and SOH-sensitive variables for higher-level models.",14
Article 6.pdf,MAT_2,HSO,DFT,SOC,SOC,NONE,NONE,0.8,proximity,"However, these quantities are often high-dimensional, only partially observable, non-uniquely identifiable, and highly sensitive to temperature, C-rate, SOC/SOH operating window, manufacturing het­ erogeneity, and cycling history.",18
Article 6.pdf,MAT_3,PSO,DFT,SOC,SOC,NONE,NONE,0.8,dependency_parse,SOC/SOH/SOP estimates; 2. RUL; 3.,28
Article 6.pdf,MAT_1,PIN2,ML,Algorithm,GNN,NONE,NONE,0.6,proximity,"Role of AI AI is commonly grouped by algorithm type, such as MLIPs, GNN, PINN, surrogate model, or estimator.",2
Article 6.pdf,MAT_3,PSO,DFT,SOC,SOC,NONE,NONE,0.6,dependency_parse,System identification; 2. SOC/SOH/SOP estimation; 3. Consistency diagnosis and fault warning; 3. Data assimilation and Bayesian / EnKF 2.,5
Article 6.pdf,MAT_5,Li7La3Zr2O12,SYNTHESIS,Method,solid-state,NONE,NONE,0.6,proximity,"At solid–solid and solid–liquid interfaces, MLIPs-based simulations further reveal features that are difficult to capture using either short AIMD trajectories or continuum boundary conditions, such as space-charge-layer formation at Li/LLZO interfaces and dynamic interphase reconstruction in solid-state batteries [139,140].",9
Article 4.pdf,MAT_3,CN2,ML,Algorithm,neural network,NONE,NONE,0.6,proximity,"In imaging analysis, trans­ former–convolutional neural network (CNN) hybrid architectures",10
Article 4.pdf,MAT_4,Li3PS4,SYNTHESIS,Method,solid-state,NONE,NONE,0.6,proximity,combined thermodynamic phase equilibrium analysis with ML potential-assisted molecular dynamics to investigate SEI formation at the Li|β-Li3PS4 interface in all-solid-state batteries,11
Article 4.pdf,MAT_5,BO,ML,Algorithm,deep learning,NONE,NONE,0.6,proximity,"By inte­ grating BO, generative deep learning, reinforcement learning, and",15
Article 4.pdf,MAT_5,BO,ML,Algorithm,deep learning,NONE,NONE,0.6,proximity,"Generative inverse design and adaptive control While BO is effective within predefined parameter spaces, generative deep learning enables inverse design by directly generating materials 16 that satisfy target properties.",16
Article 4.pdf,MAT_1,EsS2,SYNTHESIS,Method,Solid-state,NONE,NONE,0.25,dependency_parse,"Solid-state electrolytes (SSEs) are therefore required to simultaneously exhibit high lithium-ion conductivity, wide electro­ chemical stability windows, negligible electronic conductivity, me­ chanical robustness, and interfacial compatibility with lithium metal",7
Article 5.pdf,MAT_2,HSO,DFT,SOC,SOC,NONE,NONE,0.8,dependency_parse,Degradation trajectories and life labels; 6. SOC/SOH/SOE/state of power (SOP) indicators; 4.,5
Article 5.pdf,MAT_4,CI,DFT,NEB,nudged elastic band,NONE,NONE,0.8,proximity,"At the kinetic level, DFT combined with minimum-energy-path methods, particularly the climbing-image nudged elastic band (CI- NEB) approach, provides access to Li-ion migration barriers along different crystallographic pathways and under varied defect environ­ ments.",6
Article 5.pdf,MAT_4,CI,DFT,NEB,NEB,NONE,NONE,0.8,proximity,"At the kinetic level, DFT combined with minimum-energy-path methods, particularly the climbing-image nudged elastic band (CI- NEB) approach, provides access to Li-ion migration barriers along different crystallographic pathways and under varied defect environ­ ments.",6
Article 5.pdf,MAT_2,HSO,DFT,SOC,SOC,NONE,NONE,0.8,proximity,"These outputs are important not only because they explain single-cell behavior, but also because they can be further reduced to OCV–SOC relationships, internal resistance, polarization parameters, heat-generation descriptors, and SOH-sensitive variables for higher-level models.",14
Article 5.pdf,MAT_2,HSO,DFT,SOC,SOC,NONE,NONE,0.8,proximity,"However, these quantities are often high-dimensional, only partially observable, non-uniquely identifiable, and highly sensitive to temperature, C-rate, SOC/SOH operating window, manufacturing het­ erogeneity, and cycling history.",18
Article 5.pdf,MAT_3,PSO,DFT,SOC,SOC,NONE,NONE,0.8,dependency_parse,SOC/SOH/SOP estimates; 2. RUL; 3.,28
Article 5.pdf,MAT_1,PIN2,ML,Algorithm,GNN,NONE,NONE,0.6,proximity,"Role of AI AI is commonly grouped by algorithm type, such as MLIPs, GNN, PINN, surrogate model, or estimator.",2
Article 5.pdf,MAT_3,PSO,DFT,SOC,SOC,NONE,NONE,0.6,dependency_parse,System identification; 2. SOC/SOH/SOP estimation; 3. Consistency diagnosis and fault warning; 3. Data assimilation and Bayesian / EnKF 2.,5
Article 5.pdf,MAT_5,Li7La3Zr2O12,SYNTHESIS,Method,solid-state,NONE,NONE,0.6,proximity,"At solid–solid and solid–liquid interfaces, MLIPs-based simulations further reveal features that are difficult to capture using either short AIMD trajectories or continuum boundary conditions, such as space-charge-layer formation at Li/LLZO interfaces and dynamic interphase reconstruction in solid-state batteries [139,140].",9
Article 8 2.pdf,MAT_2,LiF,ELECTROCHEMICAL,Stability_Window,4.5 V,V,NONE,0.75,proximity,"[e.g., interphase composition ratios (LiF fraction 0 to 1), formation protocol parameters (voltage 0 to 5 V, temperature 20 to 120°C, and rest time 0 to 24 hours), and additive concentration (0 to 10 wt %)], f(x) is the objective function [e.g., bandgap >1 eV, ionic conductiv- ity ≥1 mS cm−1, electrochemical stability window (≥4.5 V), and Li plating uniformity index], and gi(x) gives physical or practical con- straints (e.g., chemical compatibility ≤ threshold reaction energy, cost ≤ target).",5
Article 8 2.pdf,MAT_2,LiF,ELECTROCHEMICAL,Voltage,5 V,V,NONE,0.75,proximity,"[e.g., interphase composition ratios (LiF fraction 0 to 1), formation protocol parameters (voltage 0 to 5 V, temperature 20 to 120°C, and rest time 0 to 24 hours), and additive concentration (0 to 10 wt %)], f(x) is the objective function [e.g., bandgap >1 eV, ionic conductiv- ity ≥1 mS cm−1, electrochemical stability window (≥4.5 V), and Li plating uniformity index], and gi(x) gives physical or practical con- straints (e.g., chemical compatibility ≤ threshold reaction energy, cost ≤ target).",5
Article 8 2.pdf,MAT_2,LiF,ELECTRONIC,Band_Gap,1 eV,eV,NONE,0.75,proximity,"[e.g., interphase composition ratios (LiF fraction 0 to 1), formation protocol parameters (voltage 0 to 5 V, temperature 20 to 120°C, and rest time 0 to 24 hours), and additive concentration (0 to 10 wt %)], f(x) is the objective function [e.g., bandgap >1 eV, ionic conductiv- ity ≥1 mS cm−1, electrochemical stability window (≥4.5 V), and Li plating uniformity index], and gi(x) gives physical or practical con- straints (e.g., chemical compatibility ≤ threshold reaction energy, cost ≤ target).",5
Article 8 2.pdf,MAT_1,EsS,ML,Training_Size,34,NONE,NONE,0.6,proximity,"The multimodal model and the semisupervised learning model also fa- cilitate the discovery of SEs by reducing the reliance on large amounts of training data (34, 35).",1
Article 8 2.pdf,MAT_3,BO,THERMODYNAMIC,Energy_Above_Hull,0.05 eV,eV,NONE,0.6,dependency_parse,"For instance, by defining the design variables Li, cation, and anion site occupan- cies within the structures, BO coupled with a Gaussian process sur- rogate model was able to identify promising SEs with bandgap >1 eV and energy above hull <50 meV.",5
Article 8 2.pdf,MAT_3,BO,ELECTRONIC,Band_Gap,1 eV,eV,NONE,0.6,dependency_parse,"For instance, by defining the design variables Li, cation, and anion site occupan- cies within the structures, BO coupled with a Gaussian process sur- rogate model was able to identify promising SEs with bandgap >1 eV and energy above hull <50 meV.",5
Article 8 2.pdf,MAT_3,BO,DFT,Software,Gaussian,NONE,NONE,0.6,dependency_parse,"For instance, by defining the design variables Li, cation, and anion site occupan- cies within the structures, BO coupled with a Gaussian process sur- rogate model was able to identify promising SEs with bandgap >1 eV and energy above hull <50 meV.",5
Article 8 2.pdf,MAT_3,BO,ML,Algorithm,Gaussian process,NONE,NONE,0.6,dependency_parse,"For instance, by defining the design variables Li, cation, and anion site occupan- cies within the structures, BO coupled with a Gaussian process sur- rogate model was able to identify promising SEs with bandgap >1 eV and energy above hull <50 meV.",5
Article 8 2.pdf,MAT_4,Li10Ge(PS6)2,STRUCTURAL,Space_Group,embeddings,NONE,NONE,0.6,proximity,"The tokenization for LLMs can be formulas (e.g., Li10GeP2S12), Wyckoff/lattice tokens, fractional coordinates, or space group embeddings.",6
Article 8 2.pdf,MAT_1,EsS,DFT,Software,crystal,NONE,NONE,0.6,proximity,"These advancements suggest that generative models could revolutionize materials discovery, particu- larly in the search for unexplored crystal structures and chemical compositions for the high-­performance SEs and coating materials.",6
Article 8 2.pdf,MAT_5,Li3Sc2(P4O)3,DFT,Software,Crystal,NONE,NONE,0.6,dependency_parse,Li3Sc2O3P12 Li3VO4 P21/a P21/c • Crystal structure • Component • Ionic conductivity ... ... ... •,8
Article 8 2.pdf,MAT_7,Li2S2O7,ML,Algorithm,GNN,NONE,NONE,0.6,proximity,A d va n c e s | R e v i e w A Link ionic conductivity to microstructure Electrochemical working station SE -lm(Z) (Ω) Low Re (Z) (Ω) Machine learning SE Electron microscopy High ionic conductivity Microstructure B Data augmentation Labeled dataset Origin data Weakly Origin data Weakly Strongly Unlabeled dataset C Structural pipeline Stability GNN Graph Candidates DFT database Compositional pipeline GNN Li2S2O7,9
Article 8 2.pdf,MAT_7,Li2S2O7,ML,Algorithm,GNN,NONE,NONE,0.6,proximity,A d va n c e s | R e v i e w A Link ionic conductivity to microstructure Electrochemical working station SE -lm(Z) (Ω) Low Re (Z) (Ω) Machine learning SE Electron microscopy High ionic conductivity Microstructure B Data augmentation Labeled dataset Origin data Weakly Origin data Weakly Strongly Unlabeled dataset C Structural pipeline Stability GNN Graph Candidates DFT database Compositional pipeline GNN Li2S2O7,9
Article 8 2.pdf,MAT_1,EsS,ML,Training_Size,97,NONE,NONE,0.6,proximity,"Window image Feature extraction 340 pix ResNet-18 ResNet-18 except the last linear layer Classification Supervised loss Downloaded from https://www.science.org on August 31, 2026 Label Prediction Total loss Unsupervised loss VGG-11 Pseudo-label Prediction Prediction NequIP on M3GNet data 20% Energy models Classification error GNoME GNoME: unique structures Stable structures 15% Interatomic 10% potentials GNoME: intermediate structures 5% 105 106 107 108 Training set size of predictive models for discovering SEs with high ionic conductivity (97–99) is shown in table S4.",9
Article 8 2.pdf,MAT_8,Li3ErCl6,ELECTROCHEMICAL,Ionic_Conductivity,0.0003 S/cm,S/cm,NONE,0.6,proximity,"For instance, low-­ temperature MLFF simulations revealed the nonlinear Arrhenius behavior of Li+ in Li3ErCl6, which has an ionic conductivity of 0.05 to 0.3 mS/cm (101), explaining why traditional AIMD simulations overestimate its ionic conductivity (68).",10
Article 8 2.pdf,MAT_1,EsS,STRUCTURAL,Crystal_System,tetragonal,NONE,NONE,0.6,dependency_parse,"As a result, 10 tetragonal-­phase garnet SEs, such as Li7Ti3Pm2O12 and Li7La3Be2O12 (Fig. 6D), were selected and subsequently verified to have superior mechanical strength and suitable conductivity.",10
Article 8 2.pdf,MAT_12,Li7Nd3(BO6)2,THERMODYNAMIC,Formation_Energy,0 eV,eV,NONE,0.6,dependency_parse,"Adv. 11, eaea0638 (2025)     26 November 2025 5329 Garnet-type materials 5319 Formation energy (< 0.0 eV/atom) 979 Band gap (> 0.1 eV) GVRH > 8.5 GPa, KVRH/GVRH > 1.75 758 Optimization 758 29 Classify fast-ion conductor (≥10-4 S/cm) AIMD simulation 10 Garnet-type SE candidates 60 Li7Tm3Te2O12 Li7Y3Ce2O12 50 Downloaded from https://www.science.org on August 31, 2026 GVRH (GPa) 40 Li7Nd3Be2O12 Li7Ti3Sm2O12 Li7Ti3Pm2O12 30 Li7La3Be2O12 Li7Mg3Y2O12 Li7Ti3Nd2O12 Li7Ti3La2O12 Li7Nd3B2O12 20 KVRH (GPa)",11
Article 8 2.pdf,MAT_12,Li7Nd3(BO6)2,ELECTRONIC,Band_Gap,0.1 eV,eV,NONE,0.6,dependency_parse,"Adv. 11, eaea0638 (2025)     26 November 2025 5329 Garnet-type materials 5319 Formation energy (< 0.0 eV/atom) 979 Band gap (> 0.1 eV) GVRH > 8.5 GPa, KVRH/GVRH > 1.75 758 Optimization 758 29 Classify fast-ion conductor (≥10-4 S/cm) AIMD simulation 10 Garnet-type SE candidates 60 Li7Tm3Te2O12 Li7Y3Ce2O12 50 Downloaded from https://www.science.org on August 31, 2026 GVRH (GPa) 40 Li7Nd3Be2O12 Li7Ti3Sm2O12 Li7Ti3Pm2O12 30 Li7La3Be2O12 Li7Mg3Y2O12 Li7Ti3Nd2O12 Li7Ti3La2O12 Li7Nd3B2O12 20 KVRH (GPa)",11
Article 8 2.pdf,MAT_20,WS2,DFT,Software,VASP,NONE,NONE,0.6,dependency_parse,"The LASP (Large-­Scale Atomistic Simulation Package) (144), incorporating the Stochastic Surface Walking global optimization method with a global neural network potential (SSW-­NN) method, has emerged as a powerful tool for rapid structural predictions and mechanistic studies in A B LASP lasp.in: input setups lasp.str: structure with XYZ coordinates Energy and force evaluation PES sampling of aperiodic and periodic systems Neural network potential Global minima Transition Local minima Interface to common states first-principles and force field packages Reaction Solid phase pathway transition VASP Lowest energy pathway for Gaussian multistep reactions LAMMPS Monte Molecular dynamics ...",13
Article 8 2.pdf,MAT_20,WS2,DFT,Software,Gaussian,NONE,NONE,0.6,dependency_parse,"The LASP (Large-­Scale Atomistic Simulation Package) (144), incorporating the Stochastic Surface Walking global optimization method with a global neural network potential (SSW-­NN) method, has emerged as a powerful tool for rapid structural predictions and mechanistic studies in A B LASP lasp.in: input setups lasp.str: structure with XYZ coordinates Energy and force evaluation PES sampling of aperiodic and periodic systems Neural network potential Global minima Transition Local minima Interface to common states first-principles and force field packages Reaction Solid phase pathway transition VASP Lowest energy pathway for Gaussian multistep reactions LAMMPS Monte Molecular dynamics ...",13
Article 8 2.pdf,MAT_20,WS2,ML,Algorithm,neural network,NONE,NONE,0.6,dependency_parse,"The LASP (Large-­Scale Atomistic Simulation Package) (144), incorporating the Stochastic Surface Walking global optimization method with a global neural network potential (SSW-­NN) method, has emerged as a powerful tool for rapid structural predictions and mechanistic studies in A B LASP lasp.in: input setups lasp.str: structure with XYZ coordinates Energy and force evaluation PES sampling of aperiodic and periodic systems Neural network potential Global minima Transition Local minima Interface to common states first-principles and force field packages Reaction Solid phase pathway transition VASP Lowest energy pathway for Gaussian multistep reactions LAMMPS Monte Molecular dynamics ...",13
Article 8 2.pdf,MAT_20,WS2,ML,Algorithm,Neural network,NONE,NONE,0.6,dependency_parse,"The LASP (Large-­Scale Atomistic Simulation Package) (144), incorporating the Stochastic Surface Walking global optimization method with a global neural network potential (SSW-­NN) method, has emerged as a powerful tool for rapid structural predictions and mechanistic studies in A B LASP lasp.in: input setups lasp.str: structure with XYZ coordinates Energy and force evaluation PES sampling of aperiodic and periodic systems Neural network potential Global minima Transition Local minima Interface to common states first-principles and force field packages Reaction Solid phase pathway transition VASP Lowest energy pathway for Gaussian multistep reactions LAMMPS Monte Molecular dynamics ...",13
Article 8 2.pdf,MAT_22,Li6Br3N,ML,Accuracy,50.00 %,%,NONE,0.6,dependency_parse,"To enhance predictive accuracy, a dataset comprising 50 distinct SEI structures, including Li6NBr3/Li, Li2S/Li, and Li7PN4/Li, was curated through high-­throughput simula- tions, capturing both kinetics and thermodynamic insights (Fig. 7D).",14
Article 8 2.pdf,MAT_25,LiP(HO2)2,ML,Algorithm,neural network,NONE,NONE,0.6,dependency_parse,No Yes Filter 5: Polyanionic oxides 66 compounds Promising cathode coatings: LiH2PO4 LiTi2(PO4)3 LiPO3 C Sampler Exploration Error indicator g nin r a el e vitc A Accurate Candidate Failed Labeling Ab initio calculator Training Deep neural network,17
Article 8 2.pdf,MAT_29,LiCoO2,SYNTHESIS,Atmosphere,Vacuum,NONE,NONE,0.6,dependency_parse,"In the study, a heterogeneous LCO/LPS CEI was first determined, and the interface structures were sampled and A Vacuum LPS LCO LPS Interface region LCO LCO (104) LPS (010) Lattice-matched superlattices Simulated model Energetic favorable structures Mutual exchange strategy B C Interface LAMMPS Mode Pair Prediction Interface PairNNP / V e ( E S M R e c r o F Å)",18
Article 8 2.pdf,MAT_30,Li7La3Zr2O12,ML,Algorithm,Neural network,NONE,NONE,0.6,dependency_parse,Neural network potential library libnnpif LAMMPS LLZO LCO Li-deficient Li-sufficient interface interface,18
Article 8 2.pdf,MAT_30,Li7La3Zr2O12,STRUCTURAL,Crystal_System,cubic,NONE,NONE,0.6,dependency_parse,"Gray points mean the LLZO structures (cubic and amorphous), green point represents the layered LCO structure, purple points are Co-­doped amorphous LLZO structures, blue and red points indicate the known LLZO-­LCO mixtures and unseen LLZO-­LCO mixture, respectively, and orange points are the LLZO(001)-­LCO(104, 100, 110) interfaces.",18
Article 8 2.pdf,MAT_31,PSO,DFT,Relaxation_Type,geometry optimization,NONE,NONE,0.6,proximity,"These findings provide theoretical validation for interfacial resistance Generated interface structures Downloaded from https://www.science.org on August 31, 2026 Updated interface structures by PSO algorithm Local geometry optimization Reach stopping criterion?",18
Article 8 2.pdf,MAT_30,Li7La3Zr2O12,STRUCTURAL,Crystal_System,cubic,NONE,NONE,0.6,dependency_parse,unseen) 0.24 Co-doped LLZO 0.21 LLZO (amorphous) LCO 0.18 0.15 LLZO (cubic) 5 10 15 20 25 30 0.12 Energy RMSE (meV/atom) 18 of 27,18
Article 8 2.pdf,MAT_29,LiCoO2,ML,RMSE,18,NONE,NONE,0.6,dependency_parse,unseen) 0.24 Co-doped LLZO 0.21 LLZO (amorphous) LCO 0.18 0.15 LLZO (cubic) 5 10 15 20 25 30 0.12 Energy RMSE (meV/atom) 18 of 27,18
Article 8 2.pdf,MAT_30,Li7La3Zr2O12,ML,Algorithm,neural network,NONE,NONE,0.6,dependency_parse,"Researchers leveraged the neural network potential package (n2p2) to construct MLFFs for various systems, including Li7La3Zr2O12 (LLZO), Co-­doped LLZO, LiCoO2 (LCO), and LLZO/ LCO interface (Fig. 10B) (55).",19
Article 8 2.pdf,MAT_1,EsS,ML,Explainability_Method,SHAP,NONE,NONE,0.6,proximity,"For example, based on the SHAP values, the Li content, vibrational amplitude, and Li+ interstitial defects were high- lighted as critical factors affecting Li+ transport within SEs (182).",21
Article 8 2.pdf,MAT_11,CSONe,ML,Accuracy,2.00 %,%,NONE,0.4,proximity,"(F) Predictive accuracy (R2 and MAE) of four properties [Li+ conductivity (S/cm), bandgap (eV), refractive index, and formation enthalpy (eV/atom)] with data augmentation based on COSNet (35).",11
Article 8 2.pdf,MAT_28,PH,ML,Accuracy,2.50 %,%,NONE,0.4,proximity,"The optimized DP potential demonstrated ex- ceptional predictive accuracy (energy RMSE: of 2.5 meV/atom; force Wang et al., Sci.",17
Article 8 2.pdf,MAT_28,PH,ML,RMSE,2.5,NONE,NONE,0.4,proximity,"The optimized DP potential demonstrated ex- ceptional predictive accuracy (energy RMSE: of 2.5 meV/atom; force Wang et al., Sci.",17
Article 8 2.pdf,MAT_23,Li2S,STRUCTURAL,Crystal_System,cubic,NONE,NONE,0.25,dependency_parse,"This contrasts with the densely packed anions in Li2S (face-­centered cubic), Li3PO4, and LZO (hexagonal close-­packed), Wang et al., Sci.",19
Article 8 2.pdf,MAT_32,Li3PO4,STRUCTURAL,Crystal_System,hexagonal,NONE,NONE,0.25,dependency_parse,"This contrasts with the densely packed anions in Li2S (face-­centered cubic), Li3PO4, and LZO (hexagonal close-­packed), Wang et al., Sci.",19
Article 8 2.pdf,MAT_33,Li3PS4,ELECTRONIC,DOS_Mentioned,density of states,NONE,NONE,0.25,proximity,"This approach establishes a unified representation space through the synergistic integration of (i) extracting DFT-­derived features, such as interfacial atomic con- figurations (e.g., Li3PS4/Li coordinates), electronic density of states, and ion migration barriers; (ii) deconvoluting solid-­state nuclear magnetic resonance (NMR) chemical shift spectra into quantitative descriptors (peak positions reflecting Li+ coordination environ- ments, linewidths indicating structural disorder) (129, 183) based on operando characterization; and (iii) implementing convolutional neural networks for automated extraction of morphological features 21 of 27",21
Article 8 2.pdf,MAT_33,Li3PS4,CHARACTERIZATION,Technique,NMR,NONE,NONE,0.25,proximity,"This approach establishes a unified representation space through the synergistic integration of (i) extracting DFT-­derived features, such as interfacial atomic con- figurations (e.g., Li3PS4/Li coordinates), electronic density of states, and ion migration barriers; (ii) deconvoluting solid-­state nuclear magnetic resonance (NMR) chemical shift spectra into quantitative descriptors (peak positions reflecting Li+ coordination environ- ments, linewidths indicating structural disorder) (129, 183) based on operando characterization; and (iii) implementing convolutional neural networks for automated extraction of morphological features 21 of 27",21
Article 8.pdf,MAT_2,LiF,ELECTROCHEMICAL,Stability_Window,4.5 V,V,NONE,0.75,proximity,"[e.g., interphase composition ratios (LiF fraction 0 to 1), formation protocol parameters (voltage 0 to 5 V, temperature 20 to 120°C, and rest time 0 to 24 hours), and additive concentration (0 to 10 wt %)], f(x) is the objective function [e.g., bandgap >1 eV, ionic conductiv- ity ≥1 mS cm−1, electrochemical stability window (≥4.5 V), and Li plating uniformity index], and gi(x) gives physical or practical con- straints (e.g., chemical compatibility ≤ threshold reaction energy, cost ≤ target).",5
Article 8.pdf,MAT_2,LiF,ELECTROCHEMICAL,Voltage,5 V,V,NONE,0.75,proximity,"[e.g., interphase composition ratios (LiF fraction 0 to 1), formation protocol parameters (voltage 0 to 5 V, temperature 20 to 120°C, and rest time 0 to 24 hours), and additive concentration (0 to 10 wt %)], f(x) is the objective function [e.g., bandgap >1 eV, ionic conductiv- ity ≥1 mS cm−1, electrochemical stability window (≥4.5 V), and Li plating uniformity index], and gi(x) gives physical or practical con- straints (e.g., chemical compatibility ≤ threshold reaction energy, cost ≤ target).",5
Article 8.pdf,MAT_2,LiF,ELECTRONIC,Band_Gap,1 eV,eV,NONE,0.75,proximity,"[e.g., interphase composition ratios (LiF fraction 0 to 1), formation protocol parameters (voltage 0 to 5 V, temperature 20 to 120°C, and rest time 0 to 24 hours), and additive concentration (0 to 10 wt %)], f(x) is the objective function [e.g., bandgap >1 eV, ionic conductiv- ity ≥1 mS cm−1, electrochemical stability window (≥4.5 V), and Li plating uniformity index], and gi(x) gives physical or practical con- straints (e.g., chemical compatibility ≤ threshold reaction energy, cost ≤ target).",5
Article 8.pdf,MAT_1,EsS,ML,Training_Size,34,NONE,NONE,0.6,proximity,"The multimodal model and the semisupervised learning model also fa- cilitate the discovery of SEs by reducing the reliance on large amounts of training data (34, 35).",1
Article 8.pdf,MAT_3,BO,THERMODYNAMIC,Energy_Above_Hull,0.05 eV,eV,NONE,0.6,dependency_parse,"For instance, by defining the design variables Li, cation, and anion site occupan- cies within the structures, BO coupled with a Gaussian process sur- rogate model was able to identify promising SEs with bandgap >1 eV and energy above hull <50 meV.",5
Article 8.pdf,MAT_3,BO,ELECTRONIC,Band_Gap,1 eV,eV,NONE,0.6,dependency_parse,"For instance, by defining the design variables Li, cation, and anion site occupan- cies within the structures, BO coupled with a Gaussian process sur- rogate model was able to identify promising SEs with bandgap >1 eV and energy above hull <50 meV.",5
Article 8.pdf,MAT_3,BO,DFT,Software,Gaussian,NONE,NONE,0.6,dependency_parse,"For instance, by defining the design variables Li, cation, and anion site occupan- cies within the structures, BO coupled with a Gaussian process sur- rogate model was able to identify promising SEs with bandgap >1 eV and energy above hull <50 meV.",5
Article 8.pdf,MAT_3,BO,ML,Algorithm,Gaussian process,NONE,NONE,0.6,dependency_parse,"For instance, by defining the design variables Li, cation, and anion site occupan- cies within the structures, BO coupled with a Gaussian process sur- rogate model was able to identify promising SEs with bandgap >1 eV and energy above hull <50 meV.",5
Article 8.pdf,MAT_4,Li10Ge(PS6)2,STRUCTURAL,Space_Group,embeddings,NONE,NONE,0.6,proximity,"The tokenization for LLMs can be formulas (e.g., Li10GeP2S12), Wyckoff/lattice tokens, fractional coordinates, or space group embeddings.",6
Article 8.pdf,MAT_1,EsS,DFT,Software,crystal,NONE,NONE,0.6,proximity,"These advancements suggest that generative models could revolutionize materials discovery, particu- larly in the search for unexplored crystal structures and chemical compositions for the high-­performance SEs and coating materials.",6
Article 8.pdf,MAT_5,Li3Sc2(P4O)3,DFT,Software,Crystal,NONE,NONE,0.6,dependency_parse,Li3Sc2O3P12 Li3VO4 P21/a P21/c • Crystal structure • Component • Ionic conductivity ... ... ... •,8
Article 8.pdf,MAT_7,Li2S2O7,ML,Algorithm,GNN,NONE,NONE,0.6,proximity,A d va n c e s | R e v i e w A Link ionic conductivity to microstructure Electrochemical working station SE -lm(Z) (Ω) Low Re (Z) (Ω) Machine learning SE Electron microscopy High ionic conductivity Microstructure B Data augmentation Labeled dataset Origin data Weakly Origin data Weakly Strongly Unlabeled dataset C Structural pipeline Stability GNN Graph Candidates DFT database Compositional pipeline GNN Li2S2O7,9
Article 8.pdf,MAT_7,Li2S2O7,ML,Algorithm,GNN,NONE,NONE,0.6,proximity,A d va n c e s | R e v i e w A Link ionic conductivity to microstructure Electrochemical working station SE -lm(Z) (Ω) Low Re (Z) (Ω) Machine learning SE Electron microscopy High ionic conductivity Microstructure B Data augmentation Labeled dataset Origin data Weakly Origin data Weakly Strongly Unlabeled dataset C Structural pipeline Stability GNN Graph Candidates DFT database Compositional pipeline GNN Li2S2O7,9
Article 8.pdf,MAT_1,EsS,ML,Training_Size,97,NONE,NONE,0.6,proximity,"Window image Feature extraction 340 pix ResNet-18 ResNet-18 except the last linear layer Classification Supervised loss Downloaded from https://www.science.org on August 31, 2026 Label Prediction Total loss Unsupervised loss VGG-11 Pseudo-label Prediction Prediction NequIP on M3GNet data 20% Energy models Classification error GNoME GNoME: unique structures Stable structures 15% Interatomic 10% potentials GNoME: intermediate structures 5% 105 106 107 108 Training set size of predictive models for discovering SEs with high ionic conductivity (97–99) is shown in table S4.",9
Article 8.pdf,MAT_8,Li3ErCl6,ELECTROCHEMICAL,Ionic_Conductivity,0.0003 S/cm,S/cm,NONE,0.6,proximity,"For instance, low-­ temperature MLFF simulations revealed the nonlinear Arrhenius behavior of Li+ in Li3ErCl6, which has an ionic conductivity of 0.05 to 0.3 mS/cm (101), explaining why traditional AIMD simulations overestimate its ionic conductivity (68).",10
Article 8.pdf,MAT_1,EsS,STRUCTURAL,Crystal_System,tetragonal,NONE,NONE,0.6,dependency_parse,"As a result, 10 tetragonal-­phase garnet SEs, such as Li7Ti3Pm2O12 and Li7La3Be2O12 (Fig. 6D), were selected and subsequently verified to have superior mechanical strength and suitable conductivity.",10
Article 8.pdf,MAT_12,Li7Nd3(BO6)2,THERMODYNAMIC,Formation_Energy,0 eV,eV,NONE,0.6,dependency_parse,"Adv. 11, eaea0638 (2025)     26 November 2025 5329 Garnet-type materials 5319 Formation energy (< 0.0 eV/atom) 979 Band gap (> 0.1 eV) GVRH > 8.5 GPa, KVRH/GVRH > 1.75 758 Optimization 758 29 Classify fast-ion conductor (≥10-4 S/cm) AIMD simulation 10 Garnet-type SE candidates 60 Li7Tm3Te2O12 Li7Y3Ce2O12 50 Downloaded from https://www.science.org on August 31, 2026 GVRH (GPa) 40 Li7Nd3Be2O12 Li7Ti3Sm2O12 Li7Ti3Pm2O12 30 Li7La3Be2O12 Li7Mg3Y2O12 Li7Ti3Nd2O12 Li7Ti3La2O12 Li7Nd3B2O12 20 KVRH (GPa)",11
Article 8.pdf,MAT_12,Li7Nd3(BO6)2,ELECTRONIC,Band_Gap,0.1 eV,eV,NONE,0.6,dependency_parse,"Adv. 11, eaea0638 (2025)     26 November 2025 5329 Garnet-type materials 5319 Formation energy (< 0.0 eV/atom) 979 Band gap (> 0.1 eV) GVRH > 8.5 GPa, KVRH/GVRH > 1.75 758 Optimization 758 29 Classify fast-ion conductor (≥10-4 S/cm) AIMD simulation 10 Garnet-type SE candidates 60 Li7Tm3Te2O12 Li7Y3Ce2O12 50 Downloaded from https://www.science.org on August 31, 2026 GVRH (GPa) 40 Li7Nd3Be2O12 Li7Ti3Sm2O12 Li7Ti3Pm2O12 30 Li7La3Be2O12 Li7Mg3Y2O12 Li7Ti3Nd2O12 Li7Ti3La2O12 Li7Nd3B2O12 20 KVRH (GPa)",11
Article 8.pdf,MAT_20,WS2,DFT,Software,VASP,NONE,NONE,0.6,dependency_parse,"The LASP (Large-­Scale Atomistic Simulation Package) (144), incorporating the Stochastic Surface Walking global optimization method with a global neural network potential (SSW-­NN) method, has emerged as a powerful tool for rapid structural predictions and mechanistic studies in A B LASP lasp.in: input setups lasp.str: structure with XYZ coordinates Energy and force evaluation PES sampling of aperiodic and periodic systems Neural network potential Global minima Transition Local minima Interface to common states first-principles and force field packages Reaction Solid phase pathway transition VASP Lowest energy pathway for Gaussian multistep reactions LAMMPS Monte Molecular dynamics ...",13
Article 8.pdf,MAT_20,WS2,DFT,Software,Gaussian,NONE,NONE,0.6,dependency_parse,"The LASP (Large-­Scale Atomistic Simulation Package) (144), incorporating the Stochastic Surface Walking global optimization method with a global neural network potential (SSW-­NN) method, has emerged as a powerful tool for rapid structural predictions and mechanistic studies in A B LASP lasp.in: input setups lasp.str: structure with XYZ coordinates Energy and force evaluation PES sampling of aperiodic and periodic systems Neural network potential Global minima Transition Local minima Interface to common states first-principles and force field packages Reaction Solid phase pathway transition VASP Lowest energy pathway for Gaussian multistep reactions LAMMPS Monte Molecular dynamics ...",13
Article 8.pdf,MAT_20,WS2,ML,Algorithm,neural network,NONE,NONE,0.6,dependency_parse,"The LASP (Large-­Scale Atomistic Simulation Package) (144), incorporating the Stochastic Surface Walking global optimization method with a global neural network potential (SSW-­NN) method, has emerged as a powerful tool for rapid structural predictions and mechanistic studies in A B LASP lasp.in: input setups lasp.str: structure with XYZ coordinates Energy and force evaluation PES sampling of aperiodic and periodic systems Neural network potential Global minima Transition Local minima Interface to common states first-principles and force field packages Reaction Solid phase pathway transition VASP Lowest energy pathway for Gaussian multistep reactions LAMMPS Monte Molecular dynamics ...",13
Article 8.pdf,MAT_20,WS2,ML,Algorithm,Neural network,NONE,NONE,0.6,dependency_parse,"The LASP (Large-­Scale Atomistic Simulation Package) (144), incorporating the Stochastic Surface Walking global optimization method with a global neural network potential (SSW-­NN) method, has emerged as a powerful tool for rapid structural predictions and mechanistic studies in A B LASP lasp.in: input setups lasp.str: structure with XYZ coordinates Energy and force evaluation PES sampling of aperiodic and periodic systems Neural network potential Global minima Transition Local minima Interface to common states first-principles and force field packages Reaction Solid phase pathway transition VASP Lowest energy pathway for Gaussian multistep reactions LAMMPS Monte Molecular dynamics ...",13
Article 8.pdf,MAT_22,Li6Br3N,ML,Accuracy,50.00 %,%,NONE,0.6,dependency_parse,"To enhance predictive accuracy, a dataset comprising 50 distinct SEI structures, including Li6NBr3/Li, Li2S/Li, and Li7PN4/Li, was curated through high-­throughput simula- tions, capturing both kinetics and thermodynamic insights (Fig. 7D).",14
Article 8.pdf,MAT_25,LiP(HO2)2,ML,Algorithm,neural network,NONE,NONE,0.6,dependency_parse,No Yes Filter 5: Polyanionic oxides 66 compounds Promising cathode coatings: LiH2PO4 LiTi2(PO4)3 LiPO3 C Sampler Exploration Error indicator g nin r a el e vitc A Accurate Candidate Failed Labeling Ab initio calculator Training Deep neural network,17
Article 8.pdf,MAT_29,LiCoO2,SYNTHESIS,Atmosphere,Vacuum,NONE,NONE,0.6,dependency_parse,"In the study, a heterogeneous LCO/LPS CEI was first determined, and the interface structures were sampled and A Vacuum LPS LCO LPS Interface region LCO LCO (104) LPS (010) Lattice-matched superlattices Simulated model Energetic favorable structures Mutual exchange strategy B C Interface LAMMPS Mode Pair Prediction Interface PairNNP / V e ( E S M R e c r o F Å)",18
Article 8.pdf,MAT_30,Li7La3Zr2O12,ML,Algorithm,Neural network,NONE,NONE,0.6,dependency_parse,Neural network potential library libnnpif LAMMPS LLZO LCO Li-deficient Li-sufficient interface interface,18
Article 8.pdf,MAT_30,Li7La3Zr2O12,STRUCTURAL,Crystal_System,cubic,NONE,NONE,0.6,dependency_parse,"Gray points mean the LLZO structures (cubic and amorphous), green point represents the layered LCO structure, purple points are Co-­doped amorphous LLZO structures, blue and red points indicate the known LLZO-­LCO mixtures and unseen LLZO-­LCO mixture, respectively, and orange points are the LLZO(001)-­LCO(104, 100, 110) interfaces.",18
Article 8.pdf,MAT_31,PSO,DFT,Relaxation_Type,geometry optimization,NONE,NONE,0.6,proximity,"These findings provide theoretical validation for interfacial resistance Generated interface structures Downloaded from https://www.science.org on August 31, 2026 Updated interface structures by PSO algorithm Local geometry optimization Reach stopping criterion?",18
Article 8.pdf,MAT_30,Li7La3Zr2O12,STRUCTURAL,Crystal_System,cubic,NONE,NONE,0.6,dependency_parse,unseen) 0.24 Co-doped LLZO 0.21 LLZO (amorphous) LCO 0.18 0.15 LLZO (cubic) 5 10 15 20 25 30 0.12 Energy RMSE (meV/atom) 18 of 27,18
Article 8.pdf,MAT_29,LiCoO2,ML,RMSE,18,NONE,NONE,0.6,dependency_parse,unseen) 0.24 Co-doped LLZO 0.21 LLZO (amorphous) LCO 0.18 0.15 LLZO (cubic) 5 10 15 20 25 30 0.12 Energy RMSE (meV/atom) 18 of 27,18
Article 8.pdf,MAT_30,Li7La3Zr2O12,ML,Algorithm,neural network,NONE,NONE,0.6,dependency_parse,"Researchers leveraged the neural network potential package (n2p2) to construct MLFFs for various systems, including Li7La3Zr2O12 (LLZO), Co-­doped LLZO, LiCoO2 (LCO), and LLZO/ LCO interface (Fig. 10B) (55).",19
Article 8.pdf,MAT_1,EsS,ML,Explainability_Method,SHAP,NONE,NONE,0.6,proximity,"For example, based on the SHAP values, the Li content, vibrational amplitude, and Li+ interstitial defects were high- lighted as critical factors affecting Li+ transport within SEs (182).",21
Article 8.pdf,MAT_11,CSONe,ML,Accuracy,2.00 %,%,NONE,0.4,proximity,"(F) Predictive accuracy (R2 and MAE) of four properties [Li+ conductivity (S/cm), bandgap (eV), refractive index, and formation enthalpy (eV/atom)] with data augmentation based on COSNet (35).",11
Article 8.pdf,MAT_28,PH,ML,Accuracy,2.50 %,%,NONE,0.4,proximity,"The optimized DP potential demonstrated ex- ceptional predictive accuracy (energy RMSE: of 2.5 meV/atom; force Wang et al., Sci.",17
Article 8.pdf,MAT_28,PH,ML,RMSE,2.5,NONE,NONE,0.4,proximity,"The optimized DP potential demonstrated ex- ceptional predictive accuracy (energy RMSE: of 2.5 meV/atom; force Wang et al., Sci.",17
Article 8.pdf,MAT_23,Li2S,STRUCTURAL,Crystal_System,cubic,NONE,NONE,0.25,dependency_parse,"This contrasts with the densely packed anions in Li2S (face-­centered cubic), Li3PO4, and LZO (hexagonal close-­packed), Wang et al., Sci.",19
Article 8.pdf,MAT_32,Li3PO4,STRUCTURAL,Crystal_System,hexagonal,NONE,NONE,0.25,dependency_parse,"This contrasts with the densely packed anions in Li2S (face-­centered cubic), Li3PO4, and LZO (hexagonal close-­packed), Wang et al., Sci.",19
Article 8.pdf,MAT_33,Li3PS4,ELECTRONIC,DOS_Mentioned,density of states,NONE,NONE,0.25,proximity,"This approach establishes a unified representation space through the synergistic integration of (i) extracting DFT-­derived features, such as interfacial atomic con- figurations (e.g., Li3PS4/Li coordinates), electronic density of states, and ion migration barriers; (ii) deconvoluting solid-­state nuclear magnetic resonance (NMR) chemical shift spectra into quantitative descriptors (peak positions reflecting Li+ coordination environ- ments, linewidths indicating structural disorder) (129, 183) based on operando characterization; and (iii) implementing convolutional neural networks for automated extraction of morphological features 21 of 27",21
Article 8.pdf,MAT_33,Li3PS4,CHARACTERIZATION,Technique,NMR,NONE,NONE,0.25,proximity,"This approach establishes a unified representation space through the synergistic integration of (i) extracting DFT-­derived features, such as interfacial atomic con- figurations (e.g., Li3PS4/Li coordinates), electronic density of states, and ion migration barriers; (ii) deconvoluting solid-­state nuclear magnetic resonance (NMR) chemical shift spectra into quantitative descriptors (peak positions reflecting Li+ coordination environ- ments, linewidths indicating structural disorder) (129, 183) based on operando characterization; and (iii) implementing convolutional neural networks for automated extraction of morphological features 21 of 27",21
Article 9.pdf,MAT_9,H2,ML,Algorithm,SVM,NONE,NONE,0.95,dependency_parse,"Among them, the GNB model achieved the highest prediction accuracy of 92.3%, significantly outperforming the other four algorithms (KNN: 61.5%; DT: 69.2%; SVM: 84.6%; MLP: 69.2%).",3
Article 9.pdf,MAT_9,H2,ML,Accuracy,92.30 %,%,NONE,0.95,dependency_parse,"Among them, the GNB model achieved the highest prediction accuracy of 92.3%, significantly outperforming the other four algorithms (KNN: 61.5%; DT: 69.2%; SVM: 84.6%; MLP: 69.2%).",3
Article 9.pdf,MAT_9,H2,DFT,Software,Gaussian,NONE,NONE,0.8,proximity,"decision tree (DT), support vector machine (SVM), Gaussian naive Bayes (GNB), and multilayer perceptron (MLP) – via 10- fold cross-validation (Fig. 2b).",3
Article 9.pdf,MAT_9,H2,ML,Algorithm,support vector machine,NONE,NONE,0.8,proximity,"decision tree (DT), support vector machine (SVM), Gaussian naive Bayes (GNB), and multilayer perceptron (MLP) – via 10- fold cross-validation (Fig. 2b).",3
Article 9.pdf,MAT_9,H2,ML,Algorithm,SVM,NONE,NONE,0.8,proximity,"decision tree (DT), support vector machine (SVM), Gaussian naive Bayes (GNB), and multilayer perceptron (MLP) – via 10- fold cross-validation (Fig. 2b).",3
Article 9.pdf,MAT_9,H2,ML,Algorithm,SVM,NONE,NONE,0.8,dependency_parse,"(b) Test accuracy of various machine learning models: KNN, DT, SVM, GNB, and MLP.",3
Article 9.pdf,MAT_2,EsS2,SYNTHESIS,Method,Solid-state,NONE,NONE,0.8,dependency_parse,Solid-state synthesis of medium- and high-entropy NASICON oxide SSEs.,4
Article 9.pdf,MAT_15,Na8VPNF,ELECTROCHEMICAL,C_Rate,5,NONE,NONE,0.8,proximity,"Practical applicability was validated in Na8NVPF ASSSBs, which delivered remarkable rate perfor- mance (110 mAh g1 at 5C) and impressive cycling stability (80% retention over 700 cycles).",8
Article 9.pdf,MAT_1,Na3Zr2Si2PO12,SYNTHESIS,Method,solid-state,NONE,NONE,0.75,proximity,Energy & Environmental Science PAPER Machine learning-accelerated discovery of multi-cation entropy-stabilized NASICON solid electrolytes with 10 000 hours of stable Na plating/stripping for all-solid-state sodium batteries,1
Article 9.pdf,MAT_3,Na3V2P2O8F3,ELECTROCHEMICAL,Voltage,3 V,V,NONE,0.75,dependency_parse,"When integrated into all-solid-state sodium batteries with a Received 3rd November 2025, Accepted 14th January 2026 high-voltage Na3V2(PO4)2F3 cathode and a sodium anode, it further demonstrated exceptional battery performance indicators, including high-rate capability (110 mAh g1 at 5C) and long-term cycling DOI: 10.1039/d5ee06594a stability (80% capacity retention after 700 cycles at 2C).",1
Article 9.pdf,MAT_4,HIO,ELECTROCHEMICAL,Rate_Capability,5,NONE,NONE,0.75,dependency_parse,"When integrated into all-solid-state sodium batteries with a Received 3rd November 2025, Accepted 14th January 2026 high-voltage Na3V2(PO4)2F3 cathode and a sodium anode, it further demonstrated exceptional battery performance indicators, including high-rate capability (110 mAh g1 at 5C) and long-term cycling DOI: 10.1039/d5ee06594a stability (80% capacity retention after 700 cycles at 2C).",1
Article 9.pdf,MAT_4,HIO,ELECTROCHEMICAL,C_Rate,5,NONE,NONE,0.75,dependency_parse,"When integrated into all-solid-state sodium batteries with a Received 3rd November 2025, Accepted 14th January 2026 high-voltage Na3V2(PO4)2F3 cathode and a sodium anode, it further demonstrated exceptional battery performance indicators, including high-rate capability (110 mAh g1 at 5C) and long-term cycling DOI: 10.1039/d5ee06594a stability (80% capacity retention after 700 cycles at 2C).",1
Article 9.pdf,MAT_4,HIO,ELECTROCHEMICAL,C_Rate,2,NONE,NONE,0.75,dependency_parse,"When integrated into all-solid-state sodium batteries with a Received 3rd November 2025, Accepted 14th January 2026 high-voltage Na3V2(PO4)2F3 cathode and a sodium anode, it further demonstrated exceptional battery performance indicators, including high-rate capability (110 mAh g1 at 5C) and long-term cycling DOI: 10.1039/d5ee06594a stability (80% capacity retention after 700 cycles at 2C).",1
Article 9.pdf,MAT_4,HIO,SYNTHESIS,Method,solid-state,NONE,NONE,0.75,dependency_parse,"When integrated into all-solid-state sodium batteries with a Received 3rd November 2025, Accepted 14th January 2026 high-voltage Na3V2(PO4)2F3 cathode and a sodium anode, it further demonstrated exceptional battery performance indicators, including high-rate capability (110 mAh g1 at 5C) and long-term cycling DOI: 10.1039/d5ee06594a stability (80% capacity retention after 700 cycles at 2C).",1
Article 9.pdf,MAT_3,Na3V2P2O8F3,ELECTROCHEMICAL,Voltage,3 V,V,NONE,0.75,dependency_parse,"Moreover, assembled ASSSBs demonstrated excellent electrochemical per- formance when paired with a high-voltage Na3V2(PO4)2F3 (NVPF) cathode and a sodium anode, delivering 110 mAh g1 at 5C and retaining 80% of capacity after 700 cycles at 2C.",2
Article 9.pdf,MAT_3,Na3V2P2O8F3,ELECTROCHEMICAL,C_Rate,5,NONE,NONE,0.75,dependency_parse,"Moreover, assembled ASSSBs demonstrated excellent electrochemical per- formance when paired with a high-voltage Na3V2(PO4)2F3 (NVPF) cathode and a sodium anode, delivering 110 mAh g1 at 5C and retaining 80% of capacity after 700 cycles at 2C.",2
Article 9.pdf,MAT_3,Na3V2P2O8F3,ELECTROCHEMICAL,C_Rate,2,NONE,NONE,0.75,dependency_parse,"Moreover, assembled ASSSBs demonstrated excellent electrochemical per- formance when paired with a high-voltage Na3V2(PO4)2F3 (NVPF) cathode and a sodium anode, delivering 110 mAh g1 at 5C and retaining 80% of capacity after 700 cycles at 2C.",2
Article 9.pdf,MAT_2,EsS2,SYNTHESIS,Method,Solid-state,NONE,NONE,0.75,dependency_parse,Solid-state synthesis and structural characterization The four medium- and high-entropy NASICON oxide SSEs were synthesized via a two-stage solid-state reaction using high-purity precursors.,4
Article 9.pdf,MAT_2,EsS2,SYNTHESIS,Method,solid-state,NONE,NONE,0.75,dependency_parse,Solid-state synthesis and structural characterization The four medium- and high-entropy NASICON oxide SSEs were synthesized via a two-stage solid-state reaction using high-purity precursors.,4
Article 9.pdf,MAT_11,Na3.5Lu0.5Zr1.5Si2P1O12,CHARACTERIZATION,Technique,XRD,NONE,NONE,0.65,dependency_parse,"With the incor- poration of dopants, the Na3PO4 phase diminishes, and the XRD pattern of low-entropy composition Na3.5Zr1.5Lu0.5Si2PO12 (LE-NZSP, DSmix = 0.56R) shows only the presence of ZrO2 as a secondary phase.",5
Article 9.pdf,MAT_2,EsS2,SYNTHESIS,Method,solid-state,NONE,NONE,0.6,proximity,The application of medium-/high-entropy materials has revolutionized the design of solid-state electrolytes (SSEs) by stabilizing single-phase solutions from otherwise incompatible elements.,1
Article 9.pdf,MAT_5,CN,SYNTHESIS,Method,solid-state,NONE,NONE,0.6,proximity,"Published on 16 January 2026 Licensed under CC-BY-NC 4.0 Introduction The rapid development of renewable energy systems and the growing demand for grid-scale energy storage have intensified the search for next-generation battery technologies that combine high energy density, intrinsic safety, and cost-effectiveness.1–5 All-solid-state sodium batteries (ASSSBs) have emerged as",1
Article 9.pdf,MAT_10,KN2,ML,Algorithm,SVM,NONE,NONE,0.6,dependency_parse,"The SVM model also shows a strong performance, though slightly inferior to GNB, while the curves for KNN, DT, and MLP are closer to the diagonal, reflecting a lower predictive power.",4
Article 9.pdf,MAT_2,EsS2,CHARACTERIZATION,Technique,XRD,NONE,NONE,0.6,dependency_parse,(a) XRD Rietveld refinement patterns of four medium-/high-entropy NASICON oxide SSEs.,4
Article 9.pdf,MAT_1,Na3Zr2Si2PO12,CHARACTERIZATION,Technique,XRD,NONE,NONE,0.5,proximity,(a) XRD patterns of NASICON phase with an increase in configurational entropy.,5
Article 9.pdf,MAT_8,VPNF,ELECTROCHEMICAL,C_Rate,2,NONE,NONE,0.5,proximity,(h) Cycling performance of Na|ME1-NZSP|NVPF ASSSBs at 2C and room temperature.,7
Article 9.pdf,MAT_8,VPNF,DFT,Software,crystal,NONE,NONE,0.5,proximity,"To enhance interfacial contact, a small amount of plastic-crystal electrolyte (PCE) was incorporated into the NVPF cathode composite, while the solid electrolyte surface on the anode side was modified with a Sn coating to form a Na–Sn alloy during cycling, thereby improving Na wettability.",8
Article 9.pdf,MAT_8,VPNF,ELECTROCHEMICAL,C_Rate,0.1,NONE,NONE,0.5,proximity,"6f, the resulting Na|ME1- NZSP|NVPF cells delivered a high discharge specific capacity of 125 mAh g1 at 0.1C with minimal polarization (Fig. 6g).",8
Article 9.pdf,MAT_1,Na3Zr2Si2PO12,SYNTHESIS,Method,solid-state,NONE,NONE,0.25,dependency_parse,"Among various SSE candidates, NASICON-type oxides (Na super ionic conductors) have attracted considerable attention due to their unique combination of high Na+ conductivity (104–103 S cm1 at room temperature), excellent chemical stability against sodium metal, and relatively low synthesis costs compared to halide- and sulfide-based alternatives.12–14 Despite these advantages, conventional NASICON electro- lytes like Na3Zr2Si2PO12 (NZSP) face several fundamental chal- lenges that limit their practical application.15–17 The high- temperature solid-state synthesis (typically Z1100 1C) often leads to the formation of ZrO2 impurities and sodium volatili-",2
Article 9.pdf,MAT_1,Na3Zr2Si2PO12,STRUCTURAL,Crystal_System,monoclinic,NONE,NONE,0.15,proximity,"This observation is consis- tent with the Rietveld refinement results presented in Fig. 3, where all synthesized medium-/high-entropy NASICON compo- sitions crystallize in a pure monoclinic C2/c phase with no detectable secondary phases.",5
Article 9.pdf,MAT_14,HC,SYNTHESIS,Method,solid-state,NONE,NONE,0.15,proximity,"S7, DC polarization measurements revealed that ME1-NZSP possesses a significantly lower electro- nic conductivity (6.45  109 S cm1) compared to pristine NZSP (8.49  108 S cm1), confirming its excellent insulating nature and suitability for solid-state battery applications.",8
Machine learning assisted materials design and discovery for rechargeable batteries.pdf,MAT_1,HCS,DFT,Software,crystal,NONE,NONE,0.75,proximity,Database URL Category Storage content Data Sources ICSD [17] cds.dl.ac .uk/cds/data sets/crys/ic sd/llicsd .html Inorganic crystal Structure properties Experiment CSD,3
Machine learning assisted materials design and discovery for rechargeable batteries.pdf,MAT_8,BNO,DFT,Software,Gaussian,NONE,NONE,0.75,proximity,"By ES with Gaussian process, the radius of the metal ion, and the NBO charge of the O atom are considered to be the two most important parameters that affect the coordination energy, and good prediction accuracy for coordination energy of 0.016 eV was obtained.",8
Machine learning assisted materials design and discovery for rechargeable batteries.pdf,MAT_8,BNO,ML,Algorithm,Gaussian process,NONE,NONE,0.75,proximity,"By ES with Gaussian process, the radius of the metal ion, and the NBO charge of the O atom are considered to be the two most important parameters that affect the coordination energy, and good prediction accuracy for coordination energy of 0.016 eV was obtained.",8
Machine learning assisted materials design and discovery for rechargeable batteries.pdf,MAT_8,BNO,ML,Accuracy,0.02 %,%,NONE,0.75,proximity,"By ES with Gaussian process, the radius of the metal ion, and the NBO charge of the O atom are considered to be the two most important parameters that affect the coordination energy, and good prediction accuracy for coordination energy of 0.016 eV was obtained.",8
Machine learning assisted materials design and discovery for rechargeable batteries.pdf,MAT_7,HN2,ML,Algorithm,SVM,NONE,NONE,0.75,proximity,"The DNN method obtained the same precision as SVM, but it could not easily analyze the influence of manufacturing parameters on the mass load and porosity of electrodes.",10
Machine learning assisted materials design and discovery for rechargeable batteries.pdf,MAT_2,H2,STRUCTURAL,Crystal_System,cubic,NONE,NONE,0.75,proximity,"They constructed a dataset of DFT-calculated the distance to the convex hull of around 250000 cubic perovskite systems involving 64 elements, and the performance of RR, DT, RF, ERT and ANNs were evaluated by the benchmark.",11
Machine learning assisted materials design and discovery for rechargeable batteries.pdf,MAT_12,BO,DFT,Software,crystal,NONE,NONE,0.75,proximity,"[117] to describe different crystal structures, and used the fingerprint together with DFT-calculated total-energies as the input of BO.",12
Machine learning assisted materials design and discovery for rechargeable batteries.pdf,MAT_2,H2,ML,Algorithm,SVM,NONE,NONE,0.6,proximity,"Subsequently, support vector machines (SVM) and decision tree (DT) based on statistical learning theory (SLT) were proposed [59].",4
Machine learning assisted materials design and discovery for rechargeable batteries.pdf,MAT_3,SF,ML,Accuracy,71.00 %,%,NONE,0.6,proximity,Wrapper FS methods are generally used in combination with a specific ML model and a meta-heuristic algorithm to identify the best subset of features without sacrificing prediction accuracy [71].,5
Machine learning assisted materials design and discovery for rechargeable batteries.pdf,MAT_4,C2F,STRUCTURAL,Crystal_System,cubic,NONE,NONE,0.6,proximity,[72] solid state electrolytes lithium ionic conductivity LWLS 19 7 LOOCV error: 0.41σ [73] ionic liquids electrical conductivities LSSVM unspecified 10 AARD: less than 1.9% [74] face-centered cubic (FCC) host systems diffusion energy barriers GKRR 111 23 RMSE: 0.15,6
Machine learning assisted materials design and discovery for rechargeable batteries.pdf,MAT_4,C2F,ML,RMSE,0.15,NONE,NONE,0.6,proximity,[72] solid state electrolytes lithium ionic conductivity LWLS 19 7 LOOCV error: 0.41σ [73] ionic liquids electrical conductivities LSSVM unspecified 10 AARD: less than 1.9% [74] face-centered cubic (FCC) host systems diffusion energy barriers GKRR 111 23 RMSE: 0.15,6
Machine learning assisted materials design and discovery for rechargeable batteries.pdf,MAT_4,C2F,SYNTHESIS,Method,solid state,NONE,NONE,0.6,proximity,[72] solid state electrolytes lithium ionic conductivity LWLS 19 7 LOOCV error: 0.41σ [73] ionic liquids electrical conductivities LSSVM unspecified 10 AARD: less than 1.9% [74] face-centered cubic (FCC) host systems diffusion energy barriers GKRR 111 23 RMSE: 0.15,6
Machine learning assisted materials design and discovery for rechargeable batteries.pdf,MAT_5,S,ML,Algorithm,SVM,NONE,NONE,0.6,proximity,[73] applied an SS strategy to successfully screen out 10 key descriptors and built a least square SVM (LSSVM) model with average absolute relative deviation (AARD) of less than 1.9%.,6
Machine learning assisted materials design and discovery for rechargeable batteries.pdf,MAT_4,C2F,ELECTROCHEMICAL,Migration_Barrier,0.15 eV,eV,unspecified,0.6,proximity,"A Gaussian kernel ridge regression (GKRR) model was developed to predict FCC solute diffusion barriers with root mean square error (RMSE) of 0.15 eV. As seen from the above research studies, many data are not only of high dimensionality, but also of small sample size, which easily leads to overfitting of the ML model and reduces the generalization ability.",6
Machine learning assisted materials design and discovery for rechargeable batteries.pdf,MAT_4,C2F,DFT,Software,Gaussian,NONE,NONE,0.6,proximity,"A Gaussian kernel ridge regression (GKRR) model was developed to predict FCC solute diffusion barriers with root mean square error (RMSE) of 0.15 eV. As seen from the above research studies, many data are not only of high dimensionality, but also of small sample size, which easily leads to overfitting of the ML model and reduces the generalization ability.",6
Machine learning assisted materials design and discovery for rechargeable batteries.pdf,MAT_4,C2F,ML,Algorithm,kernel ridge regression,NONE,NONE,0.6,proximity,"A Gaussian kernel ridge regression (GKRR) model was developed to predict FCC solute diffusion barriers with root mean square error (RMSE) of 0.15 eV. As seen from the above research studies, many data are not only of high dimensionality, but also of small sample size, which easily leads to overfitting of the ML model and reduces the generalization ability.",6
Machine learning assisted materials design and discovery for rechargeable batteries.pdf,MAT_4,C2F,ML,RMSE,0.15,NONE,NONE,0.6,proximity,"A Gaussian kernel ridge regression (GKRR) model was developed to predict FCC solute diffusion barriers with root mean square error (RMSE) of 0.15 eV. As seen from the above research studies, many data are not only of high dimensionality, but also of small sample size, which easily leads to overfitting of the ML model and reduces the generalization ability.",6
Machine learning assisted materials design and discovery for rechargeable batteries.pdf,MAT_6,CN2,ML,Algorithm,neural network,NONE,NONE,0.6,dependency_parse,"These include such as linear model LR and OLS, nonlinear model support vector regression (SVR), ANN, convolutional neural network (CNN), and deep neural networks (DNN).",6
Machine learning assisted materials design and discovery for rechargeable batteries.pdf,MAT_9,BN2,ML,Algorithm,neural network,NONE,NONE,0.6,proximity,They employed a Bayesian neural network (BNN) to predict the ionic conductivity of the polymer electrolyte system and revealed that the ionic conductivity of the polymer electrolyte sys- tem varies with different chemical compositions and temperatures.,9
Machine learning assisted materials design and discovery for rechargeable batteries.pdf,MAT_10,KN2,STRUCTURAL,Crystal_System,monoclinic,NONE,NONE,0.6,proximity,"[78] applied five classifi- cation algorithms including ANN, SVM, K-nearest neighbors (KNN), RF, and ERT to predict the crystal systems of silicate-based cathodes with Li–Si-(Mn, Fe, Co)–O compositions, which include monoclinic, ortho- rhombic, and triclinic.",9
Machine learning assisted materials design and discovery for rechargeable batteries.pdf,MAT_10,KN2,STRUCTURAL,Crystal_System,triclinic,NONE,NONE,0.6,proximity,"[78] applied five classifi- cation algorithms including ANN, SVM, K-nearest neighbors (KNN), RF, and ERT to predict the crystal systems of silicate-based cathodes with Li–Si-(Mn, Fe, Co)–O compositions, which include monoclinic, ortho- rhombic, and triclinic.",9
Machine learning assisted materials design and discovery for rechargeable batteries.pdf,MAT_10,KN2,DFT,Software,crystal,NONE,NONE,0.6,proximity,"[78] applied five classifi- cation algorithms including ANN, SVM, K-nearest neighbors (KNN), RF, and ERT to predict the crystal systems of silicate-based cathodes with Li–Si-(Mn, Fe, Co)–O compositions, which include monoclinic, ortho- rhombic, and triclinic.",9
Machine learning assisted materials design and discovery for rechargeable batteries.pdf,MAT_10,KN2,ML,Algorithm,SVM,NONE,NONE,0.6,proximity,"[78] applied five classifi- cation algorithms including ANN, SVM, K-nearest neighbors (KNN), RF, and ERT to predict the crystal systems of silicate-based cathodes with Li–Si-(Mn, Fe, Co)–O compositions, which include monoclinic, ortho- rhombic, and triclinic.",9
Machine learning assisted materials design and discovery for rechargeable batteries.pdf,MAT_2,H2,ML,Algorithm,SVM,NONE,NONE,0.6,dependency_parse,"[101] used DT, SVM, and DNN methods to predict the to predict the mass load and porosity of electrodes using a series of slurry manufacturing parameters (active material mass content, viscosity and solid-to-liquid ratio).",10
Machine learning assisted materials design and discovery for rechargeable batteries.pdf,MAT_12,BO,DFT,Software,crystal,NONE,NONE,0.6,dependency_parse,"[116] proposed a crystal structure prediction method based on the combination of Bayesian optimization (BO) and random search, and successfully applied it to known systems, including NaCl and Y2Co17 systems.",12
Machine learning assisted materials design and discovery for rechargeable batteries.pdf,MAT_2,H2,ML,Algorithm,gradient boosting,NONE,NONE,0.6,dependency_parse,"The model function-based rule extraction is processed through some specific models with interpretability, such as DT, RF, and gradient boosting DT.",13
Machine learning assisted materials design and discovery for rechargeable batteries.pdf,MAT_11,VSN,ML,Cross_Validation,5,NONE,NONE,0.25,dependency_parse,"After 5-fold cross-validation, the optimal classification model is the ERT with F1 of 0.881  0.032 compared to LR, SVN, DT and ANN.",11
Machine learning assisted materials design and discovery for rechargeable batteries.pdf,MAT_11,VSN,ML,F1_Score,0.881,NONE,NONE,0.25,dependency_parse,"After 5-fold cross-validation, the optimal classification model is the ERT with F1 of 0.881  0.032 compared to LR, SVN, DT and ANN.",11
Machine learning assisted materials design and discovery for rechargeable batteries.pdf,MAT_2,H2,ML,RMSE,28.5,NONE,NONE,0.25,proximity,"The optimal regression model is KRR with RMSE of 28.5  7.5 meV/atom compared to LR, DT, ERT and ANN.",11
Machine Learning-Assisted Crystal Structure Prediction of SolidState Electrolytes Reveals Superior Ionic Conductivity in Metastable Edge-Sharing Phases.pdf,MAT_2,PCS,DFT,Software,crystal,NONE,NONE,0.8,dependency_parse,"Building on this predictive accuracy, phase-diagram-guided CSP approaches identified Li2SiS3, Li2GeS3, Li4SiGeS6, and Li4SiSnS6 compositions as plausible SSE candidates, leading to the CSP of their novel crystal structures.",9
Machine Learning-Assisted Crystal Structure Prediction of SolidState Electrolytes Reveals Superior Ionic Conductivity in Metastable Edge-Sharing Phases.pdf,MAT_7,Li2SiS3,ML,Accuracy,2.00 %,%,NONE,0.8,dependency_parse,"Building on this predictive accuracy, phase-diagram-guided CSP approaches identified Li2SiS3, Li2GeS3, Li4SiGeS6, and Li4SiSnS6 compositions as plausible SSE candidates, leading to the CSP of their novel crystal structures.",9
Machine Learning-Assisted Crystal Structure Prediction of SolidState Electrolytes Reveals Superior Ionic Conductivity in Metastable Edge-Sharing Phases.pdf,MAT_1,EsS2,DFT,Software,crystal,NONE,NONE,0.75,dependency_parse,"Collectively, this study demonstrated the predictive accuracy of our phase-diagram-guided CSP approach, and the mechanistic insight enabled by machine-learning-driven dynamics simulations, elucidating the relationship between crystal structure and ion transport and offering a new perspective for designing high-performance SSEs to advance ASSB technology.",2
Machine Learning-Assisted Crystal Structure Prediction of SolidState Electrolytes Reveals Superior Ionic Conductivity in Metastable Edge-Sharing Phases.pdf,MAT_2,PCS,DFT,Functional,PBE,NONE,NONE,0.75,proximity,"Figure 2a shows the energy difference (ΔE), calculated using the PBE functional, between the experimental structures and most stable configurations predicted through our CSP method.",4
Machine Learning-Assisted Crystal Structure Prediction of SolidState Electrolytes Reveals Superior Ionic Conductivity in Metastable Edge-Sharing Phases.pdf,MAT_2,PCS,DFT,Software,crystal,NONE,NONE,0.65,proximity,"Moreover, the results demonstrate the strong predictive capability of the proposed CSP framework, which not only accurately reproduces known structures but also identifies potentially superior alternatives, highlighting the framework’s reliability and efficiency in predicting SSE crystal structures.",4
Machine Learning-Assisted Crystal Structure Prediction of SolidState Electrolytes Reveals Superior Ionic Conductivity in Metastable Edge-Sharing Phases.pdf,MAT_1,EsS2,DFT,Software,crystal,NONE,NONE,0.65,proximity,"Moreover, these findings lay a solid foundation for the theoretical design of advanced next- generation SSEs with unique crystal structures, thereby accelerating the discovery and development of advanced materials for high-performance all-solid-state batteries.",8
Machine Learning-Assisted Crystal Structure Prediction of SolidState Electrolytes Reveals Superior Ionic Conductivity in Metastable Edge-Sharing Phases.pdf,MAT_1,EsS2,SYNTHESIS,Method,solid-state,NONE,NONE,0.65,proximity,"Moreover, these findings lay a solid foundation for the theoretical design of advanced next- generation SSEs with unique crystal structures, thereby accelerating the discovery and development of advanced materials for high-performance all-solid-state batteries.",8
Machine Learning-Assisted Crystal Structure Prediction of SolidState Electrolytes Reveals Superior Ionic Conductivity in Metastable Edge-Sharing Phases.pdf,MAT_1,EsS2,SYNTHESIS,Method,solid-state,NONE,NONE,0.6,proximity,"To pursue safer and more energy-dense lithium-ion batteries (LIBs), all-solid-state batteries (ASSBs) have garnered significant attention as next-generation batteries.1−3 Specifi- cally, ASSBs replace the flammable and volatile liquid- electrolytes used in conventional LIBs with solid-state electrolytes (SSEs),4−6 thereby addressing safety concerns such as the solvent’s flammability and volatilization.7",1
Machine Learning-Assisted Crystal Structure Prediction of SolidState Electrolytes Reveals Superior Ionic Conductivity in Metastable Edge-Sharing Phases.pdf,MAT_1,EsS2,SYNTHESIS,Method,solid-state,NONE,NONE,0.6,proximity,"To pursue safer and more energy-dense lithium-ion batteries (LIBs), all-solid-state batteries (ASSBs) have garnered significant attention as next-generation batteries.1−3 Specifi- cally, ASSBs replace the flammable and volatile liquid- electrolytes used in conventional LIBs with solid-state electrolytes (SSEs),4−6 thereby addressing safety concerns such as the solvent’s flammability and volatilization.7",1
Machine Learning-Assisted Crystal Structure Prediction of SolidState Electrolytes Reveals Superior Ionic Conductivity in Metastable Edge-Sharing Phases.pdf,MAT_3,Li10Ge(PS6)2,DFT,Software,crystal,NONE,NONE,0.6,dependency_parse,"To meet these demands, extensive research has focused on the development of multicomponent inorganic SSEs through compositional optimization, typically via elemental substitution or doping with base materials such as Li6PS5Cl (argyrodite),8−11 Li7P3S11,12,13 Li3PS4,14,15 and Li10GeP2S12 (LGPS).16 Although this strategy has led to incremental improvements, it often fails to induce meaningful modifications in the underlying crystal structure, which is a key factor governing ion conductivity and overall material performance.",1
Machine Learning-Assisted Crystal Structure Prediction of SolidState Electrolytes Reveals Superior Ionic Conductivity in Metastable Edge-Sharing Phases.pdf,MAT_2,PCS,DFT,Software,crystal,NONE,NONE,0.6,proximity,"In contrast, theoretical crystal structure prediction (CSP) offers a promising pathway for the targeted discovery of novel crystal structures based on chemical composition.",1
Machine Learning-Assisted Crystal Structure Prediction of SolidState Electrolytes Reveals Superior Ionic Conductivity in Metastable Edge-Sharing Phases.pdf,MAT_12,Li,SYNTHESIS,Method,solid-state,NONE,NONE,0.6,proximity,Visualizing the SEI formation between lithium metal and solid-state electrolyte.,11
Machine Learning-Assisted Crystal Structure Prediction of SolidState Electrolytes Reveals Superior Ionic Conductivity in Metastable Edge-Sharing Phases.pdf,MAT_13,S5I,SYNTHESIS,Method,solid-state,NONE,NONE,0.6,proximity,"2018, 4, 9. (80) Kraft, M. A.; Ohno, S.; Zinkevich, T.; Koerver, R.; Culver, S. P.; Fuchs, T.; Senyshyn, A.; Indris, S.; Morgan, B. J.; Zeier, W. G. Inducing high ionic conductivity in the lithium superionic argyrodites Li6+ x P1−x Ge x S5I for all-solid-state batteries.",11
Machine Learning-Assisted Crystal Structure Prediction of SolidState Electrolytes Reveals Superior Ionic Conductivity in Metastable Edge-Sharing Phases.pdf,MAT_1,EsS2,DFT,Software,crystal,NONE,NONE,0.5,dependency_parse,"The CSP approach has proven to be an effective tool for exploring novel crystal structures in SSEs, offering a pathway for the discovery of high-performance materials.",4
Machine Learning-Assisted Crystal Structure Prediction of SolidState Electrolytes Reveals Superior Ionic Conductivity in Metastable Edge-Sharing Phases.pdf,MAT_4,Li6PS5Cl,SYNTHESIS,Method,solid-state,NONE,NONE,0.3,proximity,"ACS Energy Lett. 2019, 4, 265−270. (9) Yu, C.; Ganapathy, S.; Hageman, J.; Van Eijck, L.; Van Eck, E. R.; Zhang, L.; Schwietert, T.; Basak, S.; Kelder, E. M.; Wagemaker, M. Facile synthesis toward the optimal structure-conductivity character- istics of the argyrodite Li6PS5Cl solid-state electrolyte.",9
Machine Learning-Assisted Crystal Structure Prediction of SolidState Electrolytes Reveals Superior Ionic Conductivity in Metastable Edge-Sharing Phases.pdf,MAT_5,Li7P3S11,DFT,Software,Crystal,NONE,NONE,0.3,proximity,"(12) Yamane, H.; Shibata, M.; Shimane, Y.; Junke, T.; Seino, Y.; Adams, S.; Minami, K.; Hayashi, A.; Tatsumisago, M. Crystal structure of a superionic conductor, Li7P3S11.",9
Machine Learning-Assisted Crystal Structure Prediction of SolidState Electrolytes Reveals Superior Ionic Conductivity in Metastable Edge-Sharing Phases.pdf,MAT_6,Li3PS4,SYNTHESIS,Method,Solid State,NONE,NONE,0.3,proximity,"Solid State Ionics 1984, 14, 181−185. (15) Liu, Z.; Fu, W.; Payzant, E. A.; Yu, X.; Wu, Z.; Dudney, N. J.; Kiggans, J.; Hong, K.; Rondinone, A. J.; Liang, C. Anomalous high ionic conductivity of nanoporous β-Li3PS4.",10
Machine Learning-Assisted Crystal Structure Prediction of SolidState Electrolytes Reveals Superior Ionic Conductivity in Metastable Edge-Sharing Phases.pdf,MAT_11,Li3YCl6,DFT,Software,crystal,NONE,NONE,0.3,proximity,"2016, 7, 11962. (31) Kim, J. H.; Jun, B.; Jang, Y. J.; Lee, C. H.; Lee, S. U. New crystal structure of Li3YCl6: structural relationship and ionic conductivity for solid-state electrolytes.",10
Machine Learning-Assisted Crystal Structure Prediction of SolidState Electrolytes Reveals Superior Ionic Conductivity in Metastable Edge-Sharing Phases.pdf,MAT_11,Li3YCl6,SYNTHESIS,Method,solid-state,NONE,NONE,0.3,proximity,"2016, 7, 11962. (31) Kim, J. H.; Jun, B.; Jang, Y. J.; Lee, C. H.; Lee, S. U. New crystal structure of Li3YCl6: structural relationship and ionic conductivity for solid-state electrolytes.",10
Machine Learning-Assisted Crystal Structure Prediction of SolidState Electrolytes Reveals Superior Ionic Conductivity in Metastable Edge-Sharing Phases.pdf,MAT_2,PCS,AIMD,Ensemble,NVT,NONE,NONE,0.25,proximity,"The amorphous structures were generated through a melt-quench-annealing process using AIMD simulations with an NVT thermostat, in accordance with previous CSP studies,71−73 to sample the general atomic environments and obtain training data sets on the atomic energies, forces, and stresses.",3
Machine Learning-Assisted Crystal Structure Prediction of SolidState Electrolytes Reveals Superior Ionic Conductivity in Metastable Edge-Sharing Phases.pdf,MAT_2,PCS,SYNTHESIS,Method,melt-quench,NONE,NONE,0.25,proximity,"The amorphous structures were generated through a melt-quench-annealing process using AIMD simulations with an NVT thermostat, in accordance with previous CSP studies,71−73 to sample the general atomic environments and obtain training data sets on the atomic energies, forces, and stresses.",3
Article 7 2.pdf,MAT_1,LiPS70,AIMD,Trajectory_Length,1e+04 ps,ps,NONE,0.95,proximity,"Fig- ure 3b shows an example of the trajectory of Li-ions in a small section of the 70Li2S-30P2S5 (LiPS70) glass sampled over 10 ns at 300 K. Details of these calculations are outlined in the Methods section, fol- lowing a common strategy of calculating the mean square displace- ment (MSD) of each elemental type at varying temperatures (Fig. 3c).",4
Article 7 2.pdf,MAT_1,LiPS70,AIMD,MSD_Mentioned,MSD,NONE,NONE,0.95,proximity,"Fig- ure 3b shows an example of the trajectory of Li-ions in a small section of the 70Li2S-30P2S5 (LiPS70) glass sampled over 10 ns at 300 K. Details of these calculations are outlined in the Methods section, fol- lowing a common strategy of calculating the mean square displace- ment (MSD) of each elemental type at varying temperatures (Fig. 3c).",4
Article 7 2.pdf,MAT_2,LiPS,AIMD,Ensemble,NVT,NONE,NONE,0.6,proximity,"For the LiPS system, the structures were first melted at 3000 K in the NVT ensemble for 100 ps and subsequently quenched by cooling to 300 K in the NVT ensemble with a cooling rate of 30 K/ps.",6
Article 7 2.pdf,MAT_2,LiPS,AIMD,Ensemble,NVT,NONE,NONE,0.6,proximity,"For the LiPS system, the structures were first melted at 3000 K in the NVT ensemble for 100 ps and subsequently quenched by cooling to 300 K in the NVT ensemble with a cooling rate of 30 K/ps.",6
Article 7 2.pdf,MAT_6,NaSiS,AIMD,Ensemble,NVT,NONE,NONE,0.6,proximity,"Similarly, for the NaSiS system, the structures were first melted at 3000 K in the NVT ensemble for 100 ps, followed by quenching to 300 K in the NVT ensemble with a cooling rate of 100 K/ps and subsequently relaxed for 1 ns at 300 K in NVT.",6
Article 7 2.pdf,MAT_6,NaSiS,AIMD,Ensemble,NVT,NONE,NONE,0.6,proximity,"Similarly, for the NaSiS system, the structures were first melted at 3000 K in the NVT ensemble for 100 ps, followed by quenching to 300 K in the NVT ensemble with a cooling rate of 100 K/ps and subsequently relaxed for 1 ns at 300 K in NVT.",6
Article 7 2.pdf,MAT_6,NaSiS,AIMD,Ensemble,NVT,NONE,NONE,0.6,proximity,"Similarly, for the NaSiS system, the structures were first melted at 3000 K in the NVT ensemble for 100 ps, followed by quenching to 300 K in the NVT ensemble with a cooling rate of 100 K/ps and subsequently relaxed for 1 ns at 300 K in NVT.",6
Article 7 2.pdf,MAT_7,LiBP,AIMD,Ensemble,NVT,NONE,NONE,0.6,proximity,"For the LiBP system, the structures were melted at 3000 K in the NVT ensemble for 200 ps and quenched to 300 K in the NPT ensemble at zero pressure using a cooling rate of 1 K/ps.",6
Article 7 2.pdf,MAT_7,LiBP,AIMD,Ensemble,NPT,NONE,NONE,0.6,proximity,"For the LiBP system, the structures were melted at 3000 K in the NVT ensemble for 200 ps and quenched to 300 K in the NPT ensemble at zero pressure using a cooling rate of 1 K/ps.",6
Article 7 2.pdf,MAT_8,KSI3N,ML,Algorithm,linear regression,NONE,NONE,0.6,proximity,"Calculation of MSDs and the associated diffusion coefficients for Li and Na in the different glass systems at the sampled temperatures was performed using Bayesian linear regression via Markov-chain Nature Communications Article in Press Monte Carlo sampling as implemented in the KINISI python package52,53.",7
Article 7 2.pdf,MAT_2,LiPS,CHARACTERIZATION,Technique,Raman,NONE,NONE,0.25,dependency_parse,"For the LiPS glasses, appropriate ratios of predefined structural units (PS4, P2S6, P2S7, and Li) according to experimental Raman and 31P magic angle spinning nuclear magnetic resonance spectroscopy measurements51 were randomly placed in a simulated box.",6
Predicting ionic conductivity in solids from the machine-learned potential energy landscape.pdf,MAT_4,Li(BH)6,STRUCTURAL,Crystal_System,Cubic,NONE,NONE,0.95,proximity,The latter has been found ex- perimentally to have an ionic conductivity of the order of 1 mS / cm at 383 K. Cubic Li(BH)6 has been found to have low diffusivity by a combined DFT and ML- 7 df ),7
Predicting ionic conductivity in solids from the machine-learned potential energy landscape.pdf,MAT_2,I,AIMD,MSD_Mentioned,MSD,NONE,NONE,0.95,proximity,"The value of 0.5±0.6 S / cm, shown in Table I and Fig. 4, is obtained by applying our MSD analysis procedure described in Sec. II C to the entire run, which includes both low- and high-diffusivity segments.",8
Predicting ionic conductivity in solids from the machine-learned potential energy landscape.pdf,MAT_4,Li(BH)6,AIMD,MSD_Mentioned,MSD,NONE,NONE,0.8,dependency_parse,Anionic motion is also appar- ent on the MSD of the non-Li ions (framework) in the AIMD calculations for Li(BH)6 and LiBH4.,8
Predicting ionic conductivity in solids from the machine-learned potential energy landscape.pdf,MAT_6,LiI,STRUCTURAL,Crystal_System,cubic,NONE,NONE,0.8,dependency_parse,Most ionic conductivity studies employing LiI use cubic LiI as a minor fraction of the electrolyte mixture,8
Predicting ionic conductivity in solids from the machine-learned potential energy landscape.pdf,MAT_9,VF,SYNTHESIS,Method,solid state,NONE,NONE,0.75,proximity,"Both MPE and FV descriptors could be implemented in a differen- tiable manner, enabling the calculation of gradients with respect to atomic positions and element type embeddings [1] J. G. Kim, B. Son, S. Mukherjee, N. Schuppert, A. Bates, O. Kwon, M. J. Choi, H. Y. Chung, and S. Park, A review of lithium and non-lithium based solid state batteries, J. Power Sources 282, 299 (2015).",9
Predicting ionic conductivity in solids from the machine-learned potential energy landscape.pdf,MAT_3,Li7P3S11,DFT,Software,Crystal,NONE,NONE,0.6,proximity,"[69] H. Yamane, M. Shibata, Y. Shimane, T. Junke, Y. Seino, S. Adams, K. Minami, A. Hayashi, and M. Tatsumisago, Crystal structure of a superionic conductor, Li7P3S11, Solid State Ionics 178, 1163 (2007).",12
Predicting ionic conductivity in solids from the machine-learned potential energy landscape.pdf,MAT_3,Li7P3S11,SYNTHESIS,Method,Solid State,NONE,NONE,0.6,proximity,"[69] H. Yamane, M. Shibata, Y. Shimane, T. Junke, Y. Seino, S. Adams, K. Minami, A. Hayashi, and M. Tatsumisago, Crystal structure of a superionic conductor, Li7P3S11, Solid State Ionics 178, 1163 (2007).",12
Predicting ionic conductivity in solids from the machine-learned potential energy landscape.pdf,MAT_10,Li2S-P2S5,SYNTHESIS,Method,Solid State,NONE,NONE,0.6,proximity,"[72] F. Mizuno, A. Hayashi, K. Tadanaga, and M. Tatsum- isago, High lithium ion conducting glass-ceramics in the system Li2S–P2S5, Solid State Ionics 177, 2721 (2006).",12
Predicting ionic conductivity in solids from the machine-learned potential energy landscape.pdf,MAT_6,LiI,STRUCTURAL,Crystal_System,Hexagonal,NONE,NONE,0.6,proximity,"[79] B. Wassermann, W. H ̈onle, and T. Martin, Hexagonal LiI, Solid state communications 65, 561 (1988).",12
Predicting ionic conductivity in solids from the machine-learned potential energy landscape.pdf,MAT_6,LiI,SYNTHESIS,Method,Solid state,NONE,NONE,0.6,proximity,"[79] B. Wassermann, W. H ̈onle, and T. Martin, Hexagonal LiI, Solid state communications 65, 561 (1988).",12
Predicting ionic conductivity in solids from the machine-learned potential energy landscape.pdf,MAT_11,NaB3H8,SYNTHESIS,Method,Solid-State,NONE,NONE,0.6,dependency_parse,"[81] P. Qiu, X. Chen, W. Zhang, G. Zhang, Y. Zhang, Z. Lu, Y. Wu, and X. Chen, A High-Rate and Long-Life Sodium Metal Battery Based on a NaB3H8 · xNH3@NaB3H8 Composite Solid-State Electrolyte, Angewandte Chemie International Edition 63, e202401480 (2024).",12
Predicting ionic conductivity in solids from the machine-learned potential energy landscape.pdf,MAT_13,V0.5F1,ELECTROCHEMICAL,Activation_Energy,0.5 eV,eV,unspecified,0.6,dependency_parse,10 5 10 7 [ S 10 9 1012 10 3 10 2 10 1 FV0.5 eV (connected) 1010 kB 700K) 108 exp ( EA 106 104 102 10 3 10 2 10 1 FV0.5 eV (connected),14
Predicting ionic conductivity in solids from the machine-learned potential energy landscape.pdf,MAT_13,V0.5F1,ELECTROCHEMICAL,Activation_Energy,0.5 eV,eV,unspecified,0.6,dependency_parse,10 5 10 7 [ S 10 9 1012 10 2 10 1 FV0.5 eV (disconnected) 1010 kB 700K) 108 exp ( EA 106 104 102 10 2 10 1 FV0.5 eV (disconnected),14
Predicting ionic conductivity in solids from the machine-learned potential energy landscape.pdf,MAT_14,LiB3H8,STRUCTURAL,Crystal_System,Orthorhombic,NONE,NONE,0.6,proximity,Ξ mp-1211100 LiB3H8 Orthorhombic (63) 0.992,15
Predicting ionic conductivity in solids from the machine-learned potential energy landscape.pdf,MAT_4,Li(BH)6,STRUCTURAL,Crystal_System,Cubic,NONE,NONE,0.6,dependency_parse,mp-1211296 Li(BH)6 Cubic (202) 0.99 mp-985583 Li3PS4 Orthorhombic (62) 0.958 mp-1001069 Li48P16S61 Monoclinic (6) 0.956 mp-1097034 Li20Si3P3S23Cl Monoclinic (6) 0.951 mp-1040451 Li20Si3P3S23Cl Monoclinic (6) 0.949 mp-1185263 LiPaO3 Cubic (221) 0.942 mp-1097036 Li3PS4 Orthorhombic (62) 0.931 mp-1222398 LiGa(GeSe3)2 Monoclinic (9) 0.896 mp-755463 Li3SbS3 Trigonal (148) 0.887 mp-753720 Li3BiS3 Trigonal (148) 0.858 mp-1222392 LiUI6 Monoclinic (5) 0.82 mp-34038 Li6NCl3 Monoclinic (8) 0.814 mp-680395 Li3As7 Orthorhombic (61) 0.783 mp-775806 Li3SbS3 Monoclinic (14) 0.763,15
Predicting ionic conductivity in solids from the machine-learned potential energy landscape.pdf,MAT_15,Li3PS4,STRUCTURAL,Crystal_System,Orthorhombic,NONE,NONE,0.6,dependency_parse,mp-1211296 Li(BH)6 Cubic (202) 0.99 mp-985583 Li3PS4 Orthorhombic (62) 0.958 mp-1001069 Li48P16S61 Monoclinic (6) 0.956 mp-1097034 Li20Si3P3S23Cl Monoclinic (6) 0.951 mp-1040451 Li20Si3P3S23Cl Monoclinic (6) 0.949 mp-1185263 LiPaO3 Cubic (221) 0.942 mp-1097036 Li3PS4 Orthorhombic (62) 0.931 mp-1222398 LiGa(GeSe3)2 Monoclinic (9) 0.896 mp-755463 Li3SbS3 Trigonal (148) 0.887 mp-753720 Li3BiS3 Trigonal (148) 0.858 mp-1222392 LiUI6 Monoclinic (5) 0.82 mp-34038 Li6NCl3 Monoclinic (8) 0.814 mp-680395 Li3As7 Orthorhombic (61) 0.783 mp-775806 Li3SbS3 Monoclinic (14) 0.763,15
Predicting ionic conductivity in solids from the machine-learned potential energy landscape.pdf,MAT_16,Li48P16S61,STRUCTURAL,Crystal_System,Monoclinic,NONE,NONE,0.6,dependency_parse,mp-1211296 Li(BH)6 Cubic (202) 0.99 mp-985583 Li3PS4 Orthorhombic (62) 0.958 mp-1001069 Li48P16S61 Monoclinic (6) 0.956 mp-1097034 Li20Si3P3S23Cl Monoclinic (6) 0.951 mp-1040451 Li20Si3P3S23Cl Monoclinic (6) 0.949 mp-1185263 LiPaO3 Cubic (221) 0.942 mp-1097036 Li3PS4 Orthorhombic (62) 0.931 mp-1222398 LiGa(GeSe3)2 Monoclinic (9) 0.896 mp-755463 Li3SbS3 Trigonal (148) 0.887 mp-753720 Li3BiS3 Trigonal (148) 0.858 mp-1222392 LiUI6 Monoclinic (5) 0.82 mp-34038 Li6NCl3 Monoclinic (8) 0.814 mp-680395 Li3As7 Orthorhombic (61) 0.783 mp-775806 Li3SbS3 Monoclinic (14) 0.763,15
Predicting ionic conductivity in solids from the machine-learned potential energy landscape.pdf,MAT_16,Li48P16S61,STRUCTURAL,Crystal_System,Monoclinic,NONE,NONE,0.6,dependency_parse,mp-1211296 Li(BH)6 Cubic (202) 0.99 mp-985583 Li3PS4 Orthorhombic (62) 0.958 mp-1001069 Li48P16S61 Monoclinic (6) 0.956 mp-1097034 Li20Si3P3S23Cl Monoclinic (6) 0.951 mp-1040451 Li20Si3P3S23Cl Monoclinic (6) 0.949 mp-1185263 LiPaO3 Cubic (221) 0.942 mp-1097036 Li3PS4 Orthorhombic (62) 0.931 mp-1222398 LiGa(GeSe3)2 Monoclinic (9) 0.896 mp-755463 Li3SbS3 Trigonal (148) 0.887 mp-753720 Li3BiS3 Trigonal (148) 0.858 mp-1222392 LiUI6 Monoclinic (5) 0.82 mp-34038 Li6NCl3 Monoclinic (8) 0.814 mp-680395 Li3As7 Orthorhombic (61) 0.783 mp-775806 Li3SbS3 Monoclinic (14) 0.763,15
Predicting ionic conductivity in solids from the machine-learned potential energy landscape.pdf,MAT_4,Li(BH)6,STRUCTURAL,Crystal_System,Monoclinic,NONE,NONE,0.6,dependency_parse,mp-1211296 Li(BH)6 Cubic (202) 0.99 mp-985583 Li3PS4 Orthorhombic (62) 0.958 mp-1001069 Li48P16S61 Monoclinic (6) 0.956 mp-1097034 Li20Si3P3S23Cl Monoclinic (6) 0.951 mp-1040451 Li20Si3P3S23Cl Monoclinic (6) 0.949 mp-1185263 LiPaO3 Cubic (221) 0.942 mp-1097036 Li3PS4 Orthorhombic (62) 0.931 mp-1222398 LiGa(GeSe3)2 Monoclinic (9) 0.896 mp-755463 Li3SbS3 Trigonal (148) 0.887 mp-753720 Li3BiS3 Trigonal (148) 0.858 mp-1222392 LiUI6 Monoclinic (5) 0.82 mp-34038 Li6NCl3 Monoclinic (8) 0.814 mp-680395 Li3As7 Orthorhombic (61) 0.783 mp-775806 Li3SbS3 Monoclinic (14) 0.763,15
Predicting ionic conductivity in solids from the machine-learned potential energy landscape.pdf,MAT_17,LiPaO3,STRUCTURAL,Crystal_System,Cubic,NONE,NONE,0.6,dependency_parse,mp-1211296 Li(BH)6 Cubic (202) 0.99 mp-985583 Li3PS4 Orthorhombic (62) 0.958 mp-1001069 Li48P16S61 Monoclinic (6) 0.956 mp-1097034 Li20Si3P3S23Cl Monoclinic (6) 0.951 mp-1040451 Li20Si3P3S23Cl Monoclinic (6) 0.949 mp-1185263 LiPaO3 Cubic (221) 0.942 mp-1097036 Li3PS4 Orthorhombic (62) 0.931 mp-1222398 LiGa(GeSe3)2 Monoclinic (9) 0.896 mp-755463 Li3SbS3 Trigonal (148) 0.887 mp-753720 Li3BiS3 Trigonal (148) 0.858 mp-1222392 LiUI6 Monoclinic (5) 0.82 mp-34038 Li6NCl3 Monoclinic (8) 0.814 mp-680395 Li3As7 Orthorhombic (61) 0.783 mp-775806 Li3SbS3 Monoclinic (14) 0.763,15
Predicting ionic conductivity in solids from the machine-learned potential energy landscape.pdf,MAT_15,Li3PS4,STRUCTURAL,Crystal_System,Orthorhombic,NONE,NONE,0.6,dependency_parse,mp-1211296 Li(BH)6 Cubic (202) 0.99 mp-985583 Li3PS4 Orthorhombic (62) 0.958 mp-1001069 Li48P16S61 Monoclinic (6) 0.956 mp-1097034 Li20Si3P3S23Cl Monoclinic (6) 0.951 mp-1040451 Li20Si3P3S23Cl Monoclinic (6) 0.949 mp-1185263 LiPaO3 Cubic (221) 0.942 mp-1097036 Li3PS4 Orthorhombic (62) 0.931 mp-1222398 LiGa(GeSe3)2 Monoclinic (9) 0.896 mp-755463 Li3SbS3 Trigonal (148) 0.887 mp-753720 Li3BiS3 Trigonal (148) 0.858 mp-1222392 LiUI6 Monoclinic (5) 0.82 mp-34038 Li6NCl3 Monoclinic (8) 0.814 mp-680395 Li3As7 Orthorhombic (61) 0.783 mp-775806 Li3SbS3 Monoclinic (14) 0.763,15
Predicting ionic conductivity in solids from the machine-learned potential energy landscape.pdf,MAT_18,LiGa(GeSe3)2,STRUCTURAL,Crystal_System,Monoclinic,NONE,NONE,0.6,dependency_parse,mp-1211296 Li(BH)6 Cubic (202) 0.99 mp-985583 Li3PS4 Orthorhombic (62) 0.958 mp-1001069 Li48P16S61 Monoclinic (6) 0.956 mp-1097034 Li20Si3P3S23Cl Monoclinic (6) 0.951 mp-1040451 Li20Si3P3S23Cl Monoclinic (6) 0.949 mp-1185263 LiPaO3 Cubic (221) 0.942 mp-1097036 Li3PS4 Orthorhombic (62) 0.931 mp-1222398 LiGa(GeSe3)2 Monoclinic (9) 0.896 mp-755463 Li3SbS3 Trigonal (148) 0.887 mp-753720 Li3BiS3 Trigonal (148) 0.858 mp-1222392 LiUI6 Monoclinic (5) 0.82 mp-34038 Li6NCl3 Monoclinic (8) 0.814 mp-680395 Li3As7 Orthorhombic (61) 0.783 mp-775806 Li3SbS3 Monoclinic (14) 0.763,15
Predicting ionic conductivity in solids from the machine-learned potential energy landscape.pdf,MAT_19,Li3SbS3,STRUCTURAL,Crystal_System,Trigonal,NONE,NONE,0.6,dependency_parse,mp-1211296 Li(BH)6 Cubic (202) 0.99 mp-985583 Li3PS4 Orthorhombic (62) 0.958 mp-1001069 Li48P16S61 Monoclinic (6) 0.956 mp-1097034 Li20Si3P3S23Cl Monoclinic (6) 0.951 mp-1040451 Li20Si3P3S23Cl Monoclinic (6) 0.949 mp-1185263 LiPaO3 Cubic (221) 0.942 mp-1097036 Li3PS4 Orthorhombic (62) 0.931 mp-1222398 LiGa(GeSe3)2 Monoclinic (9) 0.896 mp-755463 Li3SbS3 Trigonal (148) 0.887 mp-753720 Li3BiS3 Trigonal (148) 0.858 mp-1222392 LiUI6 Monoclinic (5) 0.82 mp-34038 Li6NCl3 Monoclinic (8) 0.814 mp-680395 Li3As7 Orthorhombic (61) 0.783 mp-775806 Li3SbS3 Monoclinic (14) 0.763,15
Predicting ionic conductivity in solids from the machine-learned potential energy landscape.pdf,MAT_20,Li3BiS3,STRUCTURAL,Crystal_System,Trigonal,NONE,NONE,0.6,dependency_parse,mp-1211296 Li(BH)6 Cubic (202) 0.99 mp-985583 Li3PS4 Orthorhombic (62) 0.958 mp-1001069 Li48P16S61 Monoclinic (6) 0.956 mp-1097034 Li20Si3P3S23Cl Monoclinic (6) 0.951 mp-1040451 Li20Si3P3S23Cl Monoclinic (6) 0.949 mp-1185263 LiPaO3 Cubic (221) 0.942 mp-1097036 Li3PS4 Orthorhombic (62) 0.931 mp-1222398 LiGa(GeSe3)2 Monoclinic (9) 0.896 mp-755463 Li3SbS3 Trigonal (148) 0.887 mp-753720 Li3BiS3 Trigonal (148) 0.858 mp-1222392 LiUI6 Monoclinic (5) 0.82 mp-34038 Li6NCl3 Monoclinic (8) 0.814 mp-680395 Li3As7 Orthorhombic (61) 0.783 mp-775806 Li3SbS3 Monoclinic (14) 0.763,15
Predicting ionic conductivity in solids from the machine-learned potential energy landscape.pdf,MAT_21,LiUI6,STRUCTURAL,Crystal_System,Monoclinic,NONE,NONE,0.6,dependency_parse,mp-1211296 Li(BH)6 Cubic (202) 0.99 mp-985583 Li3PS4 Orthorhombic (62) 0.958 mp-1001069 Li48P16S61 Monoclinic (6) 0.956 mp-1097034 Li20Si3P3S23Cl Monoclinic (6) 0.951 mp-1040451 Li20Si3P3S23Cl Monoclinic (6) 0.949 mp-1185263 LiPaO3 Cubic (221) 0.942 mp-1097036 Li3PS4 Orthorhombic (62) 0.931 mp-1222398 LiGa(GeSe3)2 Monoclinic (9) 0.896 mp-755463 Li3SbS3 Trigonal (148) 0.887 mp-753720 Li3BiS3 Trigonal (148) 0.858 mp-1222392 LiUI6 Monoclinic (5) 0.82 mp-34038 Li6NCl3 Monoclinic (8) 0.814 mp-680395 Li3As7 Orthorhombic (61) 0.783 mp-775806 Li3SbS3 Monoclinic (14) 0.763,15
Predicting ionic conductivity in solids from the machine-learned potential energy landscape.pdf,MAT_22,Li6NCl3,STRUCTURAL,Crystal_System,Monoclinic,NONE,NONE,0.6,dependency_parse,mp-1211296 Li(BH)6 Cubic (202) 0.99 mp-985583 Li3PS4 Orthorhombic (62) 0.958 mp-1001069 Li48P16S61 Monoclinic (6) 0.956 mp-1097034 Li20Si3P3S23Cl Monoclinic (6) 0.951 mp-1040451 Li20Si3P3S23Cl Monoclinic (6) 0.949 mp-1185263 LiPaO3 Cubic (221) 0.942 mp-1097036 Li3PS4 Orthorhombic (62) 0.931 mp-1222398 LiGa(GeSe3)2 Monoclinic (9) 0.896 mp-755463 Li3SbS3 Trigonal (148) 0.887 mp-753720 Li3BiS3 Trigonal (148) 0.858 mp-1222392 LiUI6 Monoclinic (5) 0.82 mp-34038 Li6NCl3 Monoclinic (8) 0.814 mp-680395 Li3As7 Orthorhombic (61) 0.783 mp-775806 Li3SbS3 Monoclinic (14) 0.763,15
Predicting ionic conductivity in solids from the machine-learned potential energy landscape.pdf,MAT_23,Li3As7,STRUCTURAL,Crystal_System,Orthorhombic,NONE,NONE,0.6,dependency_parse,mp-1211296 Li(BH)6 Cubic (202) 0.99 mp-985583 Li3PS4 Orthorhombic (62) 0.958 mp-1001069 Li48P16S61 Monoclinic (6) 0.956 mp-1097034 Li20Si3P3S23Cl Monoclinic (6) 0.951 mp-1040451 Li20Si3P3S23Cl Monoclinic (6) 0.949 mp-1185263 LiPaO3 Cubic (221) 0.942 mp-1097036 Li3PS4 Orthorhombic (62) 0.931 mp-1222398 LiGa(GeSe3)2 Monoclinic (9) 0.896 mp-755463 Li3SbS3 Trigonal (148) 0.887 mp-753720 Li3BiS3 Trigonal (148) 0.858 mp-1222392 LiUI6 Monoclinic (5) 0.82 mp-34038 Li6NCl3 Monoclinic (8) 0.814 mp-680395 Li3As7 Orthorhombic (61) 0.783 mp-775806 Li3SbS3 Monoclinic (14) 0.763,15
Predicting ionic conductivity in solids from the machine-learned potential energy landscape.pdf,MAT_19,Li3SbS3,STRUCTURAL,Crystal_System,Monoclinic,NONE,NONE,0.6,dependency_parse,mp-1211296 Li(BH)6 Cubic (202) 0.99 mp-985583 Li3PS4 Orthorhombic (62) 0.958 mp-1001069 Li48P16S61 Monoclinic (6) 0.956 mp-1097034 Li20Si3P3S23Cl Monoclinic (6) 0.951 mp-1040451 Li20Si3P3S23Cl Monoclinic (6) 0.949 mp-1185263 LiPaO3 Cubic (221) 0.942 mp-1097036 Li3PS4 Orthorhombic (62) 0.931 mp-1222398 LiGa(GeSe3)2 Monoclinic (9) 0.896 mp-755463 Li3SbS3 Trigonal (148) 0.887 mp-753720 Li3BiS3 Trigonal (148) 0.858 mp-1222392 LiUI6 Monoclinic (5) 0.82 mp-34038 Li6NCl3 Monoclinic (8) 0.814 mp-680395 Li3As7 Orthorhombic (61) 0.783 mp-775806 Li3SbS3 Monoclinic (14) 0.763,15
Predicting ionic conductivity in solids from the machine-learned potential energy landscape.pdf,MAT_25,Li3P7,STRUCTURAL,Crystal_System,Orthorhombic,NONE,NONE,0.6,dependency_parse,mp-28336 Li3P7 Orthorhombic (19) 0.721 mp-1222582 Li4GeS4 Orthorhombic (33) 0.717 mp-753429 Li4Bi2S7 Monoclinic (14) 0.716 mp-985582 Li6PS5I Cubic (216) 0.703,15
Predicting ionic conductivity in solids from the machine-learned potential energy landscape.pdf,MAT_26,Li4GeS4,STRUCTURAL,Crystal_System,Orthorhombic,NONE,NONE,0.6,dependency_parse,mp-28336 Li3P7 Orthorhombic (19) 0.721 mp-1222582 Li4GeS4 Orthorhombic (33) 0.717 mp-753429 Li4Bi2S7 Monoclinic (14) 0.716 mp-985582 Li6PS5I Cubic (216) 0.703,15
Predicting ionic conductivity in solids from the machine-learned potential energy landscape.pdf,MAT_27,Li4Bi2S7,STRUCTURAL,Crystal_System,Monoclinic,NONE,NONE,0.6,dependency_parse,mp-28336 Li3P7 Orthorhombic (19) 0.721 mp-1222582 Li4GeS4 Orthorhombic (33) 0.717 mp-753429 Li4Bi2S7 Monoclinic (14) 0.716 mp-985582 Li6PS5I Cubic (216) 0.703,15
Predicting ionic conductivity in solids from the machine-learned potential energy landscape.pdf,MAT_28,Li6PS5I,STRUCTURAL,Crystal_System,Cubic,NONE,NONE,0.6,dependency_parse,mp-28336 Li3P7 Orthorhombic (19) 0.721 mp-1222582 Li4GeS4 Orthorhombic (33) 0.717 mp-753429 Li4Bi2S7 Monoclinic (14) 0.716 mp-985582 Li6PS5I Cubic (216) 0.703,15
Predicting ionic conductivity in solids from the machine-learned potential energy landscape.pdf,MAT_19,Li3SbS3,STRUCTURAL,Crystal_System,Trigonal,NONE,NONE,0.6,dependency_parse,mp-1177520 Li3SbS3 Trigonal (160) 0.658 mp-1211362 Li(BH)6 Monoclinic (14) 0.647 mp-1211446 Li7PSe6 Orthorhombic (33) 0.606 mp-1222482 Li6AsS5I Triclinic (1) 0.539 mp-1211324 Li7PS6 Orthorhombic (33) 0.538 mp-1195718 Li4SnS4 Orthorhombic (62) 0.525 mp-950995 Li6PS5I Monoclinic (9) 0.521 mp-1211176 Li6AsS5I Monoclinic (9) 0.483 TABLE II.,15
Predicting ionic conductivity in solids from the machine-learned potential energy landscape.pdf,MAT_4,Li(BH)6,STRUCTURAL,Crystal_System,Monoclinic,NONE,NONE,0.6,dependency_parse,mp-1177520 Li3SbS3 Trigonal (160) 0.658 mp-1211362 Li(BH)6 Monoclinic (14) 0.647 mp-1211446 Li7PSe6 Orthorhombic (33) 0.606 mp-1222482 Li6AsS5I Triclinic (1) 0.539 mp-1211324 Li7PS6 Orthorhombic (33) 0.538 mp-1195718 Li4SnS4 Orthorhombic (62) 0.525 mp-950995 Li6PS5I Monoclinic (9) 0.521 mp-1211176 Li6AsS5I Monoclinic (9) 0.483 TABLE II.,15
Predicting ionic conductivity in solids from the machine-learned potential energy landscape.pdf,MAT_29,Li7PSe6,STRUCTURAL,Crystal_System,Orthorhombic,NONE,NONE,0.6,dependency_parse,mp-1177520 Li3SbS3 Trigonal (160) 0.658 mp-1211362 Li(BH)6 Monoclinic (14) 0.647 mp-1211446 Li7PSe6 Orthorhombic (33) 0.606 mp-1222482 Li6AsS5I Triclinic (1) 0.539 mp-1211324 Li7PS6 Orthorhombic (33) 0.538 mp-1195718 Li4SnS4 Orthorhombic (62) 0.525 mp-950995 Li6PS5I Monoclinic (9) 0.521 mp-1211176 Li6AsS5I Monoclinic (9) 0.483 TABLE II.,15
Predicting ionic conductivity in solids from the machine-learned potential energy landscape.pdf,MAT_30,Li6AsS5I,STRUCTURAL,Crystal_System,Triclinic,NONE,NONE,0.6,dependency_parse,mp-1177520 Li3SbS3 Trigonal (160) 0.658 mp-1211362 Li(BH)6 Monoclinic (14) 0.647 mp-1211446 Li7PSe6 Orthorhombic (33) 0.606 mp-1222482 Li6AsS5I Triclinic (1) 0.539 mp-1211324 Li7PS6 Orthorhombic (33) 0.538 mp-1195718 Li4SnS4 Orthorhombic (62) 0.525 mp-950995 Li6PS5I Monoclinic (9) 0.521 mp-1211176 Li6AsS5I Monoclinic (9) 0.483 TABLE II.,15
Predicting ionic conductivity in solids from the machine-learned potential energy landscape.pdf,MAT_31,Li7PS6,STRUCTURAL,Crystal_System,Orthorhombic,NONE,NONE,0.6,dependency_parse,mp-1177520 Li3SbS3 Trigonal (160) 0.658 mp-1211362 Li(BH)6 Monoclinic (14) 0.647 mp-1211446 Li7PSe6 Orthorhombic (33) 0.606 mp-1222482 Li6AsS5I Triclinic (1) 0.539 mp-1211324 Li7PS6 Orthorhombic (33) 0.538 mp-1195718 Li4SnS4 Orthorhombic (62) 0.525 mp-950995 Li6PS5I Monoclinic (9) 0.521 mp-1211176 Li6AsS5I Monoclinic (9) 0.483 TABLE II.,15
Predicting ionic conductivity in solids from the machine-learned potential energy landscape.pdf,MAT_32,Li4SnS4,STRUCTURAL,Crystal_System,Orthorhombic,NONE,NONE,0.6,dependency_parse,mp-1177520 Li3SbS3 Trigonal (160) 0.658 mp-1211362 Li(BH)6 Monoclinic (14) 0.647 mp-1211446 Li7PSe6 Orthorhombic (33) 0.606 mp-1222482 Li6AsS5I Triclinic (1) 0.539 mp-1211324 Li7PS6 Orthorhombic (33) 0.538 mp-1195718 Li4SnS4 Orthorhombic (62) 0.525 mp-950995 Li6PS5I Monoclinic (9) 0.521 mp-1211176 Li6AsS5I Monoclinic (9) 0.483 TABLE II.,15
Predicting ionic conductivity in solids from the machine-learned potential energy landscape.pdf,MAT_28,Li6PS5I,STRUCTURAL,Crystal_System,Monoclinic,NONE,NONE,0.6,dependency_parse,mp-1177520 Li3SbS3 Trigonal (160) 0.658 mp-1211362 Li(BH)6 Monoclinic (14) 0.647 mp-1211446 Li7PSe6 Orthorhombic (33) 0.606 mp-1222482 Li6AsS5I Triclinic (1) 0.539 mp-1211324 Li7PS6 Orthorhombic (33) 0.538 mp-1195718 Li4SnS4 Orthorhombic (62) 0.525 mp-950995 Li6PS5I Monoclinic (9) 0.521 mp-1211176 Li6AsS5I Monoclinic (9) 0.483 TABLE II.,15
Predicting ionic conductivity in solids from the machine-learned potential energy landscape.pdf,MAT_30,Li6AsS5I,STRUCTURAL,Crystal_System,Monoclinic,NONE,NONE,0.6,dependency_parse,mp-1177520 Li3SbS3 Trigonal (160) 0.658 mp-1211362 Li(BH)6 Monoclinic (14) 0.647 mp-1211446 Li7PSe6 Orthorhombic (33) 0.606 mp-1222482 Li6AsS5I Triclinic (1) 0.539 mp-1211324 Li7PS6 Orthorhombic (33) 0.538 mp-1195718 Li4SnS4 Orthorhombic (62) 0.525 mp-950995 Li6PS5I Monoclinic (9) 0.521 mp-1211176 Li6AsS5I Monoclinic (9) 0.483 TABLE II.,15
Predicting ionic conductivity in solids from the machine-learned potential energy landscape.pdf,MAT_33,HW2INO,AIMD,MSD_Mentioned,MSD,NONE,NONE,0.6,proximity,"D. ALTERNATIVE MSD FITTING WINDOW PARAMETERS Along with the MSD fitting procedure described in the main text, we consider three alternative options.",15
Predicting ionic conductivity in solids from the machine-learned potential energy landscape.pdf,MAT_33,HW2INO,AIMD,MSD_Mentioned,MSD,NONE,NONE,0.6,proximity,"D. ALTERNATIVE MSD FITTING WINDOW PARAMETERS Along with the MSD fitting procedure described in the main text, we consider three alternative options.",15
Predicting ionic conductivity in solids from the machine-learned potential energy landscape.pdf,MAT_2,I,DFT,Software,SIESTA,NONE,NONE,0.5,proximity,III. C. Ab initio molecular dynamics Molecular dynamics simulations of selected structures with the highest Ξ values were carried out using the SIESTA code,5
Predicting ionic conductivity in solids from the machine-learned potential energy landscape.pdf,MAT_3,Li7P3S11,ELECTROCHEMICAL,Activation_Energy,0.018 eV,eV,unspecified,0.45,proximity,A. AIMD validation summary AIMD calculations for the reference Li7P3S11 struc- ture result in the activation barrier estimate of EA = 249 ± 18 meV and room-temperature-extrapolated con- ductivity of 7.9 ± 3.7 mS / cm.,6
Predicting ionic conductivity in solids from the machine-learned potential energy landscape.pdf,MAT_7,Li10Ge(PS6)2,ELECTROCHEMICAL,Activation_Energy,0.04 eV,eV,unspecified,0.45,dependency_parse,"Of the five LGPS-like structures from Table I, Li10Ge(PSe6)2 (mp-721239) was simulated in [68], and the reported activation energy and conductivity at room temperature are 190 ± 40 meV and 24 mS / cm, respec- tively.",8
Predicting ionic conductivity in solids from the machine-learned potential energy landscape.pdf,MAT_1,EsS2,SYNTHESIS,Method,solid-state,NONE,NONE,0.25,proximity,"Therefore, there is a pressing need for the development of new solid-state electrolytes (SSEs) with improved properties to overcome these barriers.",1
A Graph Neural Network for the Era of Large Atomistic Models.pdf,MAT_1,OF2,ML,MAE,0.8,NONE,NONE,0.8,dependency_parse,(a) SPICE-MACE-OFF (b) TorsionNet-500 1.2 1.0 EMAE (meV/atom) 0.8 0.6 0.4 0.2 0.0 PubChem DES370K M. DES370K D. Dipeptides Sol. AA Water QMugs (c) Water/Ice Systems (d) AIMD Material Datasets 30 ERMSE (meV/H2O) EMAE (meV/atom),7
A Graph Neural Network for the Era of Large Atomistic Models.pdf,MAT_2,H2O,ML,RMSE,2,NONE,NONE,0.8,dependency_parse,(a) SPICE-MACE-OFF (b) TorsionNet-500 1.2 1.0 EMAE (meV/atom) 0.8 0.6 0.4 0.2 0.0 PubChem DES370K M. DES370K D. Dipeptides Sol. AA Water QMugs (c) Water/Ice Systems (d) AIMD Material Datasets 30 ERMSE (meV/H2O) EMAE (meV/atom),7
A Graph Neural Network for the Era of Large Atomistic Models.pdf,MAT_1,OF2,ML,MAE,36,NONE,NONE,0.8,proximity,"energy MAE (EMAE, meV/atom) evaluated on the SPICE-MACE-OFF dataset36.",7
A Graph Neural Network for the Era of Large Atomistic Models.pdf,MAT_2,H2O,ML,RMSE,2,NONE,NONE,0.8,proximity,"(c) Test energy RMSE (ERMSE, meV/H2O) and force RMSE (FRMSE, meV/Å) for liquid water and three ice configurations (Ih (b), Ih (c), and Ih (d), sampled at different thermodynamic states)8.",7
A Graph Neural Network for the Era of Large Atomistic Models.pdf,MAT_3,CO,ML,MAE,2,NONE,NONE,0.8,proximity,DPA3-L24 DPA3-L12 DPA3-L6 DPA3-L3 eSEN EScAIP MACE(L) MACE(M) DPA2 AIMNet2 NequIP DeepPot-SE AlphaNet EqV2 Gemnet-OC Allegro // 0 0.0 MAE RMSE MAEB NABHh (e) DPA2 Test Sets ELWARMSE (meV/atom) 15 EMAE (meV) 10 5 0 100 FLWARMSE (meV/Å) 75 50 25 0 DPA3-L24 DPA3-L12 DPA3-L6 DPA2 EqV2 GNO Allegro MACE NequIP 7/36,7
A Graph Neural Network for the Era of Large Atomistic Models.pdf,MAT_3,CO,ML,MAE,10,NONE,NONE,0.8,proximity,DPA3-L24 DPA3-L12 DPA3-L6 DPA3-L3 eSEN EScAIP MACE(L) MACE(M) DPA2 AIMNet2 NequIP DeepPot-SE AlphaNet EqV2 Gemnet-OC Allegro // 0 0.0 MAE RMSE MAEB NABHh (e) DPA2 Test Sets ELWARMSE (meV/atom) 15 EMAE (meV) 10 5 0 100 FLWARMSE (meV/Å) 75 50 25 0 DPA3-L24 DPA3-L12 DPA3-L6 DPA2 EqV2 GNO Allegro MACE NequIP 7/36,7
A Graph Neural Network for the Era of Large Atomistic Models.pdf,MAT_3,CO,ML,RMSE,2,NONE,NONE,0.8,proximity,DPA3-L24 DPA3-L12 DPA3-L6 DPA3-L3 eSEN EScAIP MACE(L) MACE(M) DPA2 AIMNet2 NequIP DeepPot-SE AlphaNet EqV2 Gemnet-OC Allegro // 0 0.0 MAE RMSE MAEB NABHh (e) DPA2 Test Sets ELWARMSE (meV/atom) 15 EMAE (meV) 10 5 0 100 FLWARMSE (meV/Å) 75 50 25 0 DPA3-L24 DPA3-L12 DPA3-L6 DPA2 EqV2 GNO Allegro MACE NequIP 7/36,7
A Graph Neural Network for the Era of Large Atomistic Models.pdf,MAT_3,CO,ML,RMSE,15,NONE,NONE,0.8,proximity,DPA3-L24 DPA3-L12 DPA3-L6 DPA3-L3 eSEN EScAIP MACE(L) MACE(M) DPA2 AIMNet2 NequIP DeepPot-SE AlphaNet EqV2 Gemnet-OC Allegro // 0 0.0 MAE RMSE MAEB NABHh (e) DPA2 Test Sets ELWARMSE (meV/atom) 15 EMAE (meV) 10 5 0 100 FLWARMSE (meV/Å) 75 50 25 0 DPA3-L24 DPA3-L12 DPA3-L6 DPA2 EqV2 GNO Allegro MACE NequIP 7/36,7
A Graph Neural Network for the Era of Large Atomistic Models.pdf,MAT_3,CO,ML,RMSE,75,NONE,NONE,0.8,proximity,DPA3-L24 DPA3-L12 DPA3-L6 DPA3-L3 eSEN EScAIP MACE(L) MACE(M) DPA2 AIMNet2 NequIP DeepPot-SE AlphaNet EqV2 Gemnet-OC Allegro // 0 0.0 MAE RMSE MAEB NABHh (e) DPA2 Test Sets ELWARMSE (meV/atom) 15 EMAE (meV) 10 5 0 100 FLWARMSE (meV/Å) 75 50 25 0 DPA3-L24 DPA3-L12 DPA3-L6 DPA2 EqV2 GNO Allegro MACE NequIP 7/36,7
A Graph Neural Network for the Era of Large Atomistic Models.pdf,MAT_1,OF2,ML,Accuracy,3.00 %,%,NONE,0.8,proximity,The accuracy of the SPICE-MACE-OFF trained DPA3 model in calculating the torsion profile is benchmarked using the TorsioNet-50055 test case.,8
A Graph Neural Network for the Era of Large Atomistic Models.pdf,MAT_4,PCS,ML,F1_Score,2,NONE,NONE,0.8,proximity,Model CPS↑ Acc↑ F1↑ DAF↑ Prec↑ MAE↓ RMSE↓ R2↑ κSRME↓RMSD↓,9
A Graph Neural Network for the Era of Large Atomistic Models.pdf,MAT_4,PCS,ML,MAE,2,NONE,NONE,0.8,proximity,Model CPS↑ Acc↑ F1↑ DAF↑ Prec↑ MAE↓ RMSE↓ R2↑ κSRME↓RMSD↓,9
A Graph Neural Network for the Era of Large Atomistic Models.pdf,MAT_4,PCS,ML,RMSE,2,NONE,NONE,0.8,proximity,Model CPS↑ Acc↑ F1↑ DAF↑ Prec↑ MAE↓ RMSE↓ R2↑ κSRME↓RMSD↓,9
A Graph Neural Network for the Era of Large Atomistic Models.pdf,MAT_5,HF,ML,F1_Score,-30,NONE,NONE,0.8,proximity,"On the Matbench Discovery benchmark (Table S-7), DPA-3.1-3M-FT attains the lowest RMSE and the highest R2; its F1 score ranks behind eSEN-30M-OAM, Orb-v3, and SevenNet-MF-ompa, but exceeds GRACE-2L-OAM, MatterSim-v1-5M, and MACE-MPA-0.",13
A Graph Neural Network for the Era of Large Atomistic Models.pdf,MAT_5,HF,ML,RMSE,2,NONE,NONE,0.8,proximity,"On the Matbench Discovery benchmark (Table S-7), DPA-3.1-3M-FT attains the lowest RMSE and the highest R2; its F1 score ranks behind eSEN-30M-OAM, Orb-v3, and SevenNet-MF-ompa, but exceeds GRACE-2L-OAM, MatterSim-v1-5M, and MACE-MPA-0.",13
A Graph Neural Network for the Era of Large Atomistic Models.pdf,MAT_5,HF,ML,R2,1,NONE,NONE,0.8,proximity,"On the Matbench Discovery benchmark (Table S-7), DPA-3.1-3M-FT attains the lowest RMSE and the highest R2; its F1 score ranks behind eSEN-30M-OAM, Orb-v3, and SevenNet-MF-ompa, but exceeds GRACE-2L-OAM, MatterSim-v1-5M, and MACE-MPA-0.",13
A Graph Neural Network for the Era of Large Atomistic Models.pdf,MAT_6,K88P2C,DFT,NEB,Nudged Elastic Band,NONE,NONE,0.6,proximity,"The Nudged Elastic Band (NEB) method generated reaction pathways, followed by 12 ab initio molecular dynamics (AIMD) simulations using the CP2K88 code.",15
A Graph Neural Network for the Era of Large Atomistic Models.pdf,MAT_6,K88P2C,DFT,NEB,NEB,NONE,NONE,0.6,proximity,"The Nudged Elastic Band (NEB) method generated reaction pathways, followed by 12 ab initio molecular dynamics (AIMD) simulations using the CP2K88 code.",15
A Graph Neural Network for the Era of Large Atomistic Models.pdf,MAT_2,H2O,ML,MAE,120,NONE,NONE,0.5,proximity,"To systematically assess how efficiency scales with system size, we employed an extensible water system, increasing the atom count from 48 atoms (16 H2O molecules) to up to 12,288 140 Max frequency MAE (K) (b) (a) Entropy MAE (J/K/mol) 120 150 100 100 80 60 50 40 30 40 50 60 70 Energy MAE (meV/atom) 30 40 50 60 70 Energy MAE (meV/atom)",21
A Graph Neural Network for the Era of Large Atomistic Models.pdf,MAT_2,H2O,ML,MAE,30,NONE,NONE,0.5,proximity,"To systematically assess how efficiency scales with system size, we employed an extensible water system, increasing the atom count from 48 atoms (16 H2O molecules) to up to 12,288 140 Max frequency MAE (K) (b) (a) Entropy MAE (J/K/mol) 120 150 100 100 80 60 50 40 30 40 50 60 70 Energy MAE (meV/atom) 30 40 50 60 70 Energy MAE (meV/atom)",21
A Graph Neural Network for the Era of Large Atomistic Models.pdf,MAT_2,H2O,ML,RMSE,2,NONE,NONE,0.5,proximity,"Energy (E) RMSE is in meV/H2O, force (F) RMSE is in meV/Å.",24
A Graph Neural Network for the Era of Large Atomistic Models.pdf,MAT_7,H13C6,DFT,Functional,PBE,NONE,NONE,0.5,dependency_parse,Allegro MACE DPA2 DPA3-L24 Dataset E F E F E F E F E F E F E F Alloy 2.0 14.3 85.1 8.5 62.7 44.0 175.6 21.4 119.4 16.2 190.2 16.8 125.7 7.1 99.2 Cathode-P 1.0 1.5 17.9 1.1 14.9 14.3 69.8 1.0 24.2 2.6 37.8 0.9 24.5 0.6 18.6 Cluster-P 1.0 47.7 69.6 34.6 104.4 75.1 216.6 54.8 174.1 41.3 189.7 31.5 126.0 29.3 118.3 Drug 2.0 40.5 93.6 29.8 807.4 21.6 187.2 13.1 100.8 / b / 12.7 125.5 5.5 54.2 FerroEle-P 1.0 1.5 17.9 1.1 13.0 1.1 23.0 0.7 28.6 2.3 31.7 0.6 28.7 0.3 13.4 OC2M 2.0 25.0 129.1 6.7 45.2 97.4 226.1 61.3 166.8 / / 36.2 154.0 9.0 128.0 SSE-PBE-P 1.0 2.7 8.2 OOM OOM 1.6 41.1 1.0 47.8 1.8 29.9 1.4 50.3 0.5 19.8 SemiCond 1.0 8.0 94.4 3.9 40.8 20.5 180.7 6.8 146.8 12.7 182.8 5.5 123.6 3.4 108.3 H2O-PD 1.0 OOMa OOM OOM OOM 0.9 27.1 OOM OOM 79.9 29.7 0.5 24.7 0.4 13.7 Ag∪Au-PBE 0.2 106.0 8.0 23.4 4.4 42.3 43.8 39.2 58.9 369.1 34.5 2.4 17.8 1.1 10.9 Al∪Mg∪Cu 0.3 5.9 9.4 1.9 5.7 38.0 48.3 18.3 40.6 7.7 42.9 2.1 19.1 2.0 13.0 Cu 0.1 6.1 5.8 1.7 3.8 6.2 16.7 1.3 8.9 38.8 13.6 1.2 8.9 1.7 7.2 Sn 0.1 8.4 33.7 5.2 19.6 18.2 62.2 5.6 40.2 / / 4.1 54.4 2.9 49.8 Ti 0.1 44.5 87.9 19.1 48.6 27.6 137.4 6.9 85.6 8.3 94.2 5.0 113.1 4.1 91.7 V 0.1 17.9 79.3 5.6 47.4 8.8 91.6 4.2 82.1 14.2 140.4 4.1 90.8 2.8 71.8 W 0.1 79.1 81.2 46.8 51.3 20.8 160.4 4.0 101.6 15.6 181.2 5.6 108.1 2.5 83.3 C12H26 0.1 135.8 518.7 123.1 907.4 121.4 715.6 140.4 648.1 81.9 802.3 55.3 692.5 42.4 541.6 HfO2 0.1 1.2 16.1 1.0 9.1 1.5 58.8 1.4 64.0 2.3 14.7 1.0 54.2 1.4 28.9 LWARMSEc 12.1 52.0 7.4 62.0 9.3 87.2 16.5 107.2 11.3 75.3 5.9 76.6 2.9 49.8 a OOM indicates Out-Of-Memory errors.,25
A Graph Neural Network for the Era of Large Atomistic Models.pdf,MAT_7,H13C6,DFT,Functional,PBE,NONE,NONE,0.5,dependency_parse,Allegro MACE DPA2 DPA3-L24 Dataset E F E F E F E F E F E F E F Alloy 2.0 14.3 85.1 8.5 62.7 44.0 175.6 21.4 119.4 16.2 190.2 16.8 125.7 7.1 99.2 Cathode-P 1.0 1.5 17.9 1.1 14.9 14.3 69.8 1.0 24.2 2.6 37.8 0.9 24.5 0.6 18.6 Cluster-P 1.0 47.7 69.6 34.6 104.4 75.1 216.6 54.8 174.1 41.3 189.7 31.5 126.0 29.3 118.3 Drug 2.0 40.5 93.6 29.8 807.4 21.6 187.2 13.1 100.8 / b / 12.7 125.5 5.5 54.2 FerroEle-P 1.0 1.5 17.9 1.1 13.0 1.1 23.0 0.7 28.6 2.3 31.7 0.6 28.7 0.3 13.4 OC2M 2.0 25.0 129.1 6.7 45.2 97.4 226.1 61.3 166.8 / / 36.2 154.0 9.0 128.0 SSE-PBE-P 1.0 2.7 8.2 OOM OOM 1.6 41.1 1.0 47.8 1.8 29.9 1.4 50.3 0.5 19.8 SemiCond 1.0 8.0 94.4 3.9 40.8 20.5 180.7 6.8 146.8 12.7 182.8 5.5 123.6 3.4 108.3 H2O-PD 1.0 OOMa OOM OOM OOM 0.9 27.1 OOM OOM 79.9 29.7 0.5 24.7 0.4 13.7 Ag∪Au-PBE 0.2 106.0 8.0 23.4 4.4 42.3 43.8 39.2 58.9 369.1 34.5 2.4 17.8 1.1 10.9 Al∪Mg∪Cu 0.3 5.9 9.4 1.9 5.7 38.0 48.3 18.3 40.6 7.7 42.9 2.1 19.1 2.0 13.0 Cu 0.1 6.1 5.8 1.7 3.8 6.2 16.7 1.3 8.9 38.8 13.6 1.2 8.9 1.7 7.2 Sn 0.1 8.4 33.7 5.2 19.6 18.2 62.2 5.6 40.2 / / 4.1 54.4 2.9 49.8 Ti 0.1 44.5 87.9 19.1 48.6 27.6 137.4 6.9 85.6 8.3 94.2 5.0 113.1 4.1 91.7 V 0.1 17.9 79.3 5.6 47.4 8.8 91.6 4.2 82.1 14.2 140.4 4.1 90.8 2.8 71.8 W 0.1 79.1 81.2 46.8 51.3 20.8 160.4 4.0 101.6 15.6 181.2 5.6 108.1 2.5 83.3 C12H26 0.1 135.8 518.7 123.1 907.4 121.4 715.6 140.4 648.1 81.9 802.3 55.3 692.5 42.4 541.6 HfO2 0.1 1.2 16.1 1.0 9.1 1.5 58.8 1.4 64.0 2.3 14.7 1.0 54.2 1.4 28.9 LWARMSEc 12.1 52.0 7.4 62.0 9.3 87.2 16.5 107.2 11.3 75.3 5.9 76.6 2.9 49.8 a OOM indicates Out-Of-Memory errors.,25
A Graph Neural Network for the Era of Large Atomistic Models.pdf,MAT_4,PCS,ML,F1_Score,2,NONE,NONE,0.5,proximity,Model CPS↑ Acc↑ F1↑ DAF↑ Prec↑ MAE↓ RMSE↓ R2↑ κSRME↓RMSD↓,27
A Graph Neural Network for the Era of Large Atomistic Models.pdf,MAT_4,PCS,ML,MAE,2,NONE,NONE,0.5,proximity,Model CPS↑ Acc↑ F1↑ DAF↑ Prec↑ MAE↓ RMSE↓ R2↑ κSRME↓RMSD↓,27
A Graph Neural Network for the Era of Large Atomistic Models.pdf,MAT_4,PCS,ML,RMSE,2,NONE,NONE,0.5,proximity,Model CPS↑ Acc↑ F1↑ DAF↑ Prec↑ MAE↓ RMSE↓ R2↑ κSRME↓RMSD↓,27
A Graph Neural Network for the Era of Large Atomistic Models.pdf,MAT_1,OF2,ML,Training_Size,2,NONE,NONE,0.15,dependency_parse,"Model Training data MAE ↓ RMSE ↓ MAEBa↓ NABHhb↓ AIMNet2 Ref.37 0.38 0.55 0.58 82 DPA2-Drug Ref.56 0.24 0.35 0.36 18 MACE(M) SPICE-MACE-OFF 0.19 0.28 0.31 7 MACE(L) SPICE-MACE-OFF 0.14 0.21 0.23 4 DPA3-L3 SPICE-MACE-OFF 0.17 0.25 0.26 7 DPA3-L6 SPICE-MACE-OFF 0.13 0.19 0.20 3 DPA3-L12 SPICE-MACE-OFF 0.10 0.16 0.17 0 DPA3-L24 SPICE-MACE-OFF 0.06 0.09 0.09 0 Nutmeg(L) SPICE2 - - 0.2038 - a The MAE of the torsional barrier height, defined as the difference between the minimum and the maximum energy points during the torsional rotation.",23
A Graph Neural Network for the Era of Large Atomistic Models.pdf,MAT_1,OF2,ML,MAE,2,NONE,NONE,0.15,dependency_parse,"Model Training data MAE ↓ RMSE ↓ MAEBa↓ NABHhb↓ AIMNet2 Ref.37 0.38 0.55 0.58 82 DPA2-Drug Ref.56 0.24 0.35 0.36 18 MACE(M) SPICE-MACE-OFF 0.19 0.28 0.31 7 MACE(L) SPICE-MACE-OFF 0.14 0.21 0.23 4 DPA3-L3 SPICE-MACE-OFF 0.17 0.25 0.26 7 DPA3-L6 SPICE-MACE-OFF 0.13 0.19 0.20 3 DPA3-L12 SPICE-MACE-OFF 0.10 0.16 0.17 0 DPA3-L24 SPICE-MACE-OFF 0.06 0.09 0.09 0 Nutmeg(L) SPICE2 - - 0.2038 - a The MAE of the torsional barrier height, defined as the difference between the minimum and the maximum energy points during the torsional rotation.",23
A Graph Neural Network for the Era of Large Atomistic Models.pdf,MAT_1,OF2,ML,RMSE,2,NONE,NONE,0.15,dependency_parse,"Model Training data MAE ↓ RMSE ↓ MAEBa↓ NABHhb↓ AIMNet2 Ref.37 0.38 0.55 0.58 82 DPA2-Drug Ref.56 0.24 0.35 0.36 18 MACE(M) SPICE-MACE-OFF 0.19 0.28 0.31 7 MACE(L) SPICE-MACE-OFF 0.14 0.21 0.23 4 DPA3-L3 SPICE-MACE-OFF 0.17 0.25 0.26 7 DPA3-L6 SPICE-MACE-OFF 0.13 0.19 0.20 3 DPA3-L12 SPICE-MACE-OFF 0.10 0.16 0.17 0 DPA3-L24 SPICE-MACE-OFF 0.06 0.09 0.09 0 Nutmeg(L) SPICE2 - - 0.2038 - a The MAE of the torsional barrier height, defined as the difference between the minimum and the maximum energy points during the torsional rotation.",23
