paper_id,table_number,caption,page,section,headers,rows,material_column
Article 10.pdf,1,NONE,1,Results,"[""IGHLIGHTS""]","[{""IGHLIGHTS"": ""The latest advancements in the application of machine learning (ML) for the screening of solid-state battery materials are reviewed.""}, {""IGHLIGHTS"": ""The achievements of various ML algorithms in predicting different performances of the battery management system are discussed.""}, {""IGHLIGHTS"": ""Future challenges and perspectives of artificial intelligence in solid-state battery are discussed.""}]",NONE
Article 11.pdf,1,NONE,2,Results,"[""Column""]",[],NONE
Article 11.pdf,1,NONE,4,Results,"[""Li 7"", ""La 3"", ""Zr 2""]",[],NONE
Article 11.pdf,2,NONE,4,Results,"[""Li 10"", ""Ge"", ""P 2""]",[],NONE
Article 11.pdf,3,NONE,4,Results,"[""Li L 0.33"", ""a 0.66"", ""Ti""]",[],NONE
Article 11.pdf,4,NONE,4,Results,"[""Li 1."", ""AI 3 0.3"", ""Ti (P 1.7""]",[],NONE
Article 11.pdf,5,NONE,4,Results,"[""Li P 6"", ""S 5"", ""Cl""]",[],NONE
Article 11.pdf,6,NONE,4,Results,"[""Na"", ""Al 11""]",[],NONE
Article 11.pdf,7,NONE,4,Results,"[""a 3"", ""Zr 2"", ""SiP 2""]",[],NONE
Article 11.pdf,8,NONE,4,Results,"[""Na 3"", ""P""]",[],NONE
Article 11.pdf,9,NONE,4,Results,"[""Na 1"", ""Sn 1 2""]",[],NONE
Article 11.pdf,1,NONE,5,Results,"[""Column"", ""Column_2"", ""Column_3""]",[],NONE
Article 11.pdf,2,NONE,5,Results,"[""Column""]",[],NONE
Article 11.pdf,1,NONE,10,Results,"[""High-throughput calculations NaMM' (AO)(BO) x y 2–y 4z 43–z M, M': Mg2+, Ca2+, Zn2+, Al3+, Sc3+, Ga3+, In3+, Y3+, La3+, Zr4+, Hf4+, Ti4+, Sn4+, Ge4+, Ta5+, Nb5+ AO, BO: SiO4−, PO3−, SO2− 4 4 4 4 4"", ""High-throughput calculations NaMM' (AO)(BO) x y 2–y 4z 43–z M, M': Mg2+, Ca2+, Zn2+, Al3+, Sc3+, Ga3+, In3+, Y3+, La3+, Zr4+, Hf4+, Ti4+, Sn4+, Ge4+, Ta5+, Nb5+ AO, BO: SiO4−, PO3−, SO2− 4 4 4 4 4_2""]",[],NONE
Article 11.pdf,2,NONE,10,Results,"[""13"", ""13_2"", ""13_3"", ""13_4"", ""13_5"", ""13_6"", ""13_7"", ""13_8"", ""13_9"", ""13_10"", ""13_11"", ""13_12"", ""13_13"", ""13_14"", ""13_15"", ""13_16""]","[{""13"": ""12"", ""13_2"": ""7"", ""13_3"": """", ""13_4"": """", ""13_5"": """", ""13_6"": """", ""13_7"": """", ""13_8"": """", ""13_9"": """", ""13_10"": """", ""13_11"": """", ""13_12"": """", ""13_13"": """", ""13_14"": """", ""13_15"": """", ""13_16"": """"}, {""13"": ""14"", ""13_2"": ""3"", ""13_3"": ""6"", ""13_4"": """", ""13_5"": """", ""13_6"": """", ""13_7"": """", ""13_8"": """", ""13_9"": """", ""13_10"": """", ""13_11"": """", ""13_12"": """", ""13_13"": """", ""13_14"": """", ""13_15"": """", ""13_16"": """"}, {""13"": ""9"", ""13_2"": ""9"", ""13_3"": ""17"", ""13_4"": ""7"", ""13_5"": """", ""13_6"": """", ""13_7"": """", ""13_8"": """", ""13_9"": """", ""13_10"": """", ""13_11"": """", ""13_12"": """", ""13_13"": """", ""13_14"": """", ""13_15"": """", ""13_16"": """"}, {""13"": ""9"", ""13_2"": ""3"", ""13_3"": ""6"", ""13_4"": ""14"", ""13_5"": ""3"", ""13_6"": """", ""13_7"": """", ""13_8"": """", ""13_9"": """", ""13_10"": """", ""13_11"": """", ""13_12"": """", ""13_13"": """", ""13_14"": """", ""13_15"": """", ""13_16"": """"}, {""13"": ""28"", ""13_2"": ""23"", ""13_3"": ""20"", ""13_4"": ""8"", ""13_5"": ""20"", ""13_6"": ""1"", ""13_7"": """", ""13_8"": """", ""13_9"": """", ""13_10"": """", ""13_11"": """", ""13_12"": """", ""13_13"": """", ""13_14"": """", ""13_15"": """", ""13_16"": """"}, {""13"": ""9"", ""13_2"": ""5"", ""13_3"": ""7"", ""13_4"": ""3"", ""13_5"": ""5"", ""13_6"": ""15"", ""13_7"": ""3"", ""13_8"": """", ""13_9"": """", ""13_10"": """", ""13_11"": """", ""13_12"": """", ""13_13"": """", ""13_14"": """", ""13_15"": """", ""13_16"": """"}, {""13"": ""6"", ""13_2"": ""4"", ""13_3"": ""9"", ""13_4"": ""6"", ""13_5"": ""9"", ""13_6"": ""4"", ""13_7"": ""2"", ""13_8"": ""1"", ""13_9"": """", ""13_10"": """", ""13_11"": """", ""13_12"": """", ""13_13"": """", ""13_14"": """", ""13_15"": """", ""13_16"": """"}, {""13"": ""9"", ""13_2"": ""4"", ""13_3"": ""8"", ""13_4"": ""6"", ""13_5"": ""5"", ""13_6"": ""14"", ""13_7"": ""4"", ""13_8"": """", ""13_9"": ""3"", ""13_10"": """", ""13_11"": """", ""13_12"": """", ""13_13"": """", ""13_14"": """", ""13_15"": """", ""13_16"": """"}, {""13"": ""3"", ""13_2"": ""4"", ""13_3"": ""3"", ""13_4"": ""5"", ""13_5"": ""3"", ""13_6"": ""3"", ""13_7"": """", ""13_8"": ""2"", ""13_9"": """", ""13_10"": ""1"", ""13_11"": """", ""13_12"": """", ""13_13"": """", ""13_14"": """", ""13_15"": """", ""13_16"": """"}, {""13"": ""4"", ""13_2"": """", ""13_3"": ""11"", ""13_4"": """", ""13_5"": ""10"", ""13_6"": ""3"", ""13_7"": ""4"", ""13_8"": """", ""13_9"": ""1"", ""13_10"": """", ""13_11"": """", ""13_12"": """", ""13_13"": """", ""13_14"": """", ""13_15"": """", ""13_16"": """"}, {""13"": ""3"", ""13_2"": """", ""13_3"": ""12"", ""13_4"": """", ""13_5"": ""11"", ""13_6"": ""4"", ""13_7"": ""5"", ""13_8"": """", ""13_9"": """", ""13_10"": """", ""13_11"": """", ""13_12"": """", ""13_13"": """", ""13_14"": """", ""13_15"": """", ""13_16"": """"}, {""13"": ""15"", ""13_2"": ""10"", ""13_3"": ""7"", ""13_4"": ""3"", ""13_5"": ""9"", ""13_6"": """", ""13_7"": ""5"", ""13_8"": ""1"", ""13_9"": ""3"", ""13_10"": """", ""13_11"": """", ""13_12"": """", ""13_13"": """", ""13_14"": """", ""13_15"": """", ""13_16"": """"}, {""13"": ""16"", ""13_2"": ""9"", ""13_3"": ""15"", ""13_4"": ""2"", ""13_5"": ""12"", ""13_6"": """", ""13_7"": ""9"", ""13_8"": ""1"", ""13_9"": ""6"", ""13_10"": """", ""13_11"": """", ""13_12"": """", ""13_13"": """", ""13_14"": """", ""13_15"": """", ""13_16"": """"}, {""13"": ""2"", ""13_2"": ""1"", ""13_3"": ""2"", ""13_4"": """", ""13_5"": ""1"", ""13_6"": ""3"", ""13_7"": ""3"", ""13_8"": """", ""13_9"": """", ""13_10"": """", ""13_11"": """", ""13_12"": """", ""13_13"": """", ""13_14"": ""2"", ""13_15"": ""1"", ""13_16"": """"}, {""13"": ""4"", ""13_2"": ""2"", ""13_3"": ""6"", ""13_4"": ""1"", ""13_5"": ""6"", ""13_6"": ""1"", ""13_7"": ""2"", ""13_8"": ""1"", ""13_9"": ""2"", ""13_10"": ""1"", ""13_11"": ""1"", ""13_12"": ""1"", ""13_13"": ""1"", ""13_14"": ""1"", ""13_15"": ""2"", ""13_16"": ""3""}]",NONE
Article 11.pdf,3,NONE,10,Results,"[""Column""]",[],NONE
Article 11.pdf,4,NONE,10,Results,"[""1"", ""1_2""]",[],NONE
Article 11.pdf,5,NONE,10,Results,"[""Column"", ""Column_2""]",[],NONE
Article 11.pdf,6,NONE,10,Results,"[""μ~ Li+"", ""μ~ Li+_2"", ""μ~ Li+_3""]","[{""μ~ Li+"": ""μ~ e−"", ""μ~ Li+_2"": """", ""μ~ Li+_3"": """"}, {""μ~ Li+"": """", ""μ~ Li+_2"": """", ""μ~ Li+_3"": ""Reduction potential Solid electrolyte reduction""}, {""μ~ Li+"": ""μ Li"", ""μ~ Li+_2"": """", ""μ~ Li+_3"": """"}]",NONE
Article 11.pdf,7,NONE,10,Results,"[""Column""]",[],NONE
Article 11.pdf,8,NONE,10,Results,"[""Column""]",[],NONE
Article 11.pdf,9,NONE,10,Results,"[""Column""]",[],NONE
Article 11.pdf,10,NONE,10,Results,"[""Column""]",[],NONE
Article 11.pdf,11,NONE,10,Results,"[""Column""]",[],NONE
Article 11.pdf,12,NONE,10,Results,"[""Column""]",[],NONE
Smart Materials Prediction- Applying Machine Learning to Lithium Solid-State Electrolyte.pdf,1,NONE,3,Results,"[""Figure 1. (A) Key steps in building a ML model. The white arrows indicate the data flow; green""]","[{""Figure 1. (A) Key steps in building a ML model. The white arrows indicate the data flow; green"": ""Figure1. (A)KeystepsinbuildingaMLmodel. Thewhitearrowsindicatethedataflow;green arrows indicate actions that can be identified and performed after analysis to improve the model’s""}, {""Figure 1. (A) Key steps in building a ML model. The white arrows indicate the data flow; green"": ""arrowsindica performance.""}]",NONE
Smart Materials Prediction- Applying Machine Learning to Lithium Solid-State Electrolyte.pdf,1,Table 1. Cont.,5,Results,"[""Figure 2. (A) Overview of the pymatgen library. Text in italics represents names of Python packages,"", ""Figure 2. (A) Overview of the pymatgen library. Text in italics represents names of Python packages,_2""]","[{""Figure 2. (A) Overview of the pymatgen library. Text in italics represents names of Python packages,"": ""Figure2.(A)Overv modules, or classes."", ""Figure 2. (A) Overview of the pymatgen library. Text in italics represents names of Python packages,_2"": ""ofPythonpack (B) The architec-""}, {""Figure 2. (A) Overview of the pymatgen library. Text in italics represents names of Python packages,"": ""ture of the ionic transport characteristics database."", ""Figure 2. (A) Overview of the pymatgen library. Text in italics represents names of Python packages,_2"": """"}]",NONE
Smart Materials Prediction- Applying Machine Learning to Lithium Solid-State Electrolyte.pdf,1,Table 1. Cont.,5,Results,"[""Column"", ""C) Schematic overview of zeolite data engineering, including (1) litera-""]","[{""Column"": ""ture extraction from sources such as NLP from body text, parsing of HTML tables and regex match-"", ""C) Schematic overview of zeolite data engineering, including (1) litera-"": """"}, {""Column"": ""ing between text and tables, (2) regression modeling and (3) zeolite structure prediction."", ""C) Schematic overview of zeolite data engineering, including (1) litera-"": """"}]",NONE
Smart Materials Prediction- Applying Machine Learning to Lithium Solid-State Electrolyte.pdf,1,NONE,11,Results,"[""Figiugruer4e. 4(A. ()AD)i aDgriaamgroafma toyfp aic atylapritcifailc iaarltniefiucriaall nneetwuroarkl .nTehtwebolrakck. ,Tbhluee balnadckre, dblcuirec laesnidn driecdat ecircles indicate""]","[{""Figiugruer4e. 4(A. ()AD)i aDgriaamgroafma toyfp aic atylapritcifailc iaarltniefiucriaall nneetwuroarkl .nTehtwebolrakck. ,Tbhluee balnadckre, dblcuirec laesnidn driecdat ecircles indicate"": ""ninpputu,th, ihdiddedneann danodu topuuttplauyt elrasy.eErasc. hEcaicrhcl ecirrecplere rseepntrsesaennatrst iafinc iaarltnifeiucrioanl naenudraornro awnsdi nadrricoawtes indicate con-""}, {""Figiugruer4e. 4(A. ()AD)i aDgriaamgroafma toyfp aic atylapritcifailc iaarltniefiucriaall nneetwuroarkl .nTehtwebolrakck. ,Tbhluee balnadckre, dblcuirec laesnidn driecdat ecircles indicate"": ""onnenceticotinosn sfrforomm tthhee oouuttppuutto offo onenen enueruonrotno tthoe tihnep uintpofuat nooft haenro.tRheeprr.i""}]",NONE
Smart Materials Prediction- Applying Machine Learning to Lithium Solid-State Electrolyte.pdf,2,NONE,11,Results,"[""Column"", ""Column_2"", ""(B(B) )IlIllulusstrtraattiioonn ooff tthhee ccrryyssttaall ggrraapphhc oconvnovloultuiotnioalnal neural net-""]","[{""Column"": ""weuorraklns"", ""Column_2"": ""atwndor kthsea nsdcrteheensicnrege npirnogcpesrosc oesfs hoifghhig mhemcehcahnaniciacal lpprrooppeerrttiieessS SSESEu suinsgincgry csrtaylsgtaral pghraph convolu-"", ""(B(B) )IlIllulusstrtraattiioonn ooff tthhee ccrryyssttaall ggrraapphhc oconvnovloultuiotnioalnal neural net-"": """"}, {""Column"": ""otinovnoalul tnioenuarlanle unreatlwneotrwko. r(ka.)( aC)oCnosntsrturuccttiioonn oofft htheec rcyrsytasltgarla gprha.pChry. sCtarlyssatraelcso anrvee rcteodntvoegrrtaepdh tso graphs with"", ""Column_2"": """", ""(B(B) )IlIllulusstrtraattiioonn ooff tthhee ccrryyssttaall ggrraapphhc oconvnovloultuiotnioalnal neural net-"": """"}, {""Column"": ""nitohdneosd erseprerperseesnentitningg aattoommssi ninth ethuen iutcneiltl acnedll eadngeds reedpgreesse nrteinpgreastoemnticnognn aectotimon sc.oNnondeecstaiondns. Nodes and"", ""Column_2"": """", ""(B(B) )IlIllulusstrtraattiioonn ooff tthhee ccrryyssttaall ggrraapphhc oconvnovloultuiotnioalnal neural net-"": """"}, {""Column"": ""dedgegseasr earceh acrhaactrearcizteedrizbyedv ebcyto vrseccotorrress pcoonrrdeinspgotontdhienagt otom tshaen datboomnds sainndth beocnrydsst ailn, rtehsep eccrtyivsetalyl., respectively."", ""Column_2"": """", ""(B(B) )IlIllulusstrtraattiioonn ooff tthhee ccrryyssttaall ggrraapphhc oconvnovloultuiotnioalnal neural net-"": """"}, {""Column"": ""b(b))S tSrturcutuctrueroef othf ethceo ncvoonlvuotilountailonneaul rnaelunreatwl noerktwoonrtko pono ftothpe ocfr ythstea lcrgyrsatpahl. gRracpohn.v Ro lcuotinovnaollutional layers"", ""Column_2"": """", ""(B(B) )IlIllulusstrtraattiioonn ooff tthhee ccrryyssttaall ggrraapphhc oconvnovloultuiotnioalnal neural net-"": """"}, {""Column"": ""aaynedrs Lan1d hLid1dheidnd leanylearyse rasraer ebubuilitl toonn ttoopp ooff eeaacchhn ondoed,ere, sruelstuinlgtiinnga inne aw ngerawp hgrwaipthhe wacihthn oedaech node repre-"", ""Column_2"": """", ""(B(B) )IlIllulusstrtraattiioonn ooff tthhee ccrryyssttaall ggrraapphhc oconvnovloultuiotnioalnal neural net-"": """"}, {""Column"": ""espernetsienngti nthgeth leolcoacla leennvviirroonnmmeenntot foefa echacahto amt.oAmft.e Arpftoeorl ipngo,oalivnegct,o ar rveepcretosern rteinpgrtehseeennttiinregc trhyset aelntire crystal is"", ""Column_2"": """", ""(B(B) )IlIllulusstrtraattiioonn ooff tthhee ccrryyssttaall ggrraapphhc oconvnovloultuiotnioalnal neural net-"": """"}, {""Column"": ""sccoonnnneecctteedd ttoo LL22h hididddenenla lyaeyrse,rfso, lfloowlloedwbeyd tbhye othuetp ouuttlpayuetr ltaoyperro tvoi dperothveidpree tdhicet iporne.dRiecvtiiosend."", ""Column_2"": """", ""(B(B) )IlIllulusstrtraattiioonn ooff tthhee ccrryyssttaall ggrraapphhc oconvnovloultuiotnioalnal neural net-"": """"}]",NONE
AI-Driven Rational Design of Solid-State Electrolytes .pdf,1,NONE,1,Results,"[""AI for Materials""]","[{""AI for Materials"": ""https://www.sciltp.com/journals/aimat""}]",NONE
AI-Driven Rational Design of Solid-State Electrolytes .pdf,2,NONE,1,Results,"[""Column"", ""The solid-state electrolytes (SSE) are gaining tremendous attention in""]","[{""Column"": ""designing rechargeable batteries with remarkable energy density and safety features"", ""The solid-state electrolytes (SSE) are gaining tremendous attention in"": """"}, {""Column"": ""for next-generation energy storage device applications. The rational design of SSE"", ""The solid-state electrolytes (SSE) are gaining tremendous attention in"": """"}, {""Column"": ""with promising ionic conductivity, higher electrochemical stability windows, and"", ""The solid-state electrolytes (SSE) are gaining tremendous attention in"": """"}, {""Column"": ""stable electrode-electrolyte interfaces remain a formidable challenge, traditionally"", ""The solid-state electrolytes (SSE) are gaining tremendous attention in"": """"}, {""Column"": ""hindered by trial-and-error experimentation and computationally expensive"", ""The solid-state electrolytes (SSE) are gaining tremendous attention in"": """"}, {""Column"": ""theoretical simulations. Here, we systematically review the recent breakthroughs in"", ""The solid-state electrolytes (SSE) are gaining tremendous attention in"": """"}, {""Column"": ""the artificial intelligence (AI)-driven design of SSE, spanning electrochemical"", ""The solid-state electrolytes (SSE) are gaining tremendous attention in"": """"}, {""Column"": ""stability and ionic conductivity domains, with a particular focus on how machine"", ""The solid-state electrolytes (SSE) are gaining tremendous attention in"": """"}, {""Column"": ""learning (ML) and deep learning (DL) are fundamentally transforming the"", ""The solid-state electrolytes (SSE) are gaining tremendous attention in"": """"}, {""Column"": ""discovery and optimization landscape. We critically discuss the synergy between"", ""The solid-state electrolytes (SSE) are gaining tremendous attention in"": """"}, {""Column"": ""first-principles density functional theory (DFT), molecular dynamics (MD)"", ""The solid-state electrolytes (SSE) are gaining tremendous attention in"": """"}, {""Column"": ""simulations, and advanced AI algorithms including supervised and unsupervised"", ""The solid-state electrolytes (SSE) are gaining tremendous attention in"": """"}, {""Column"": ""learning (SL, UL), graph neural networks (GNNs), and"", ""The solid-state electrolytes (SSE) are gaining tremendous attention in"": """"}]",NONE
AI-Driven Rational Design of Solid-State Electrolytes .pdf,3,NONE,1,Results,"[""Column"", ""that collectively enable accurate prediction of ionic""]","[{""Column"": ""conductivity, elucidation of ion transport mechanisms, and high-throughput"", ""that collectively enable accurate prediction of ionic"": """"}, {""Column"": ""screening (HTS) of vast chemical spaces. Emphasis is placed on descriptor"", ""that collectively enable accurate prediction of ionic"": """"}, {""Column"": ""engineering that bridges atomic-level structural features (e.g., lattice parameters,"", ""that collectively enable accurate prediction of ionic"": """"}, {""Column"": ""activation energies, defect chemistry) with macroscopic electrochemical"", ""that collectively enable accurate prediction of ionic"": """"}, {""Column"": ""performance, as well as the emerging paradigm of closed-loop, self-driving"", ""that collectively enable accurate prediction of ionic"": """"}, {""Column"": ""laboratories for autonomous materials discovery. Furthermore, AI-guided strategies"", ""that collectively enable accurate prediction of ionic"": """"}, {""Column"": ""have demonstrated remarkable interfacial ionic transport mechanism. Despite these"", ""that collectively enable accurate prediction of ionic"": """"}, {""Column"": ""transformative advances, persistent challenges including data scarcity, limited"", ""that collectively enable accurate prediction of ionic"": """"}, {""Column"": ""descriptor transferability, discrepancies between theoretical predictions and"", ""that collectively enable accurate prediction of ionic"": """"}, {""Column"": ""experimental realization, remain significant challenges. Looking forward, the"", ""that collectively enable accurate prediction of ionic"": """"}, {""Column"": ""convergence of AI with high-throughput experimentation and multiscale modeling"", ""that collectively enable accurate prediction of ionic"": """"}, {""Column"": ""promises to redefine SSE discovery, accelerating the deployment of high-"", ""that collectively enable accurate prediction of ionic"": """"}, {""Column"": ""performance all solid-state batteries (ASSBs) for sustainable energy storage"", ""that collectively enable accurate prediction of ionic"": """"}]",NONE
AI-Driven Rational Design of Solid-State Electrolytes .pdf,1,Table 1. Comparison of ML and DL in AI-driven SSE design.,9,Results,"[""Feature"", ""Feature_2"", ""Feature_3"", ""Feature_4"", ""ML"", ""ML_2"", ""ML_3"", ""ML_4"", ""DL""]","[{""Feature"": ""Typical algorithm"", ""Feature_2"": """", ""Feature_3"": """", ""Feature_4"": """", ""ML"": ""RF, SVMs, kernel ridge regression"", ""ML_2"": """", ""ML_3"": """", ""ML_4"": """", ""DL"": ""GNNs, CNNs, RNNs""}, {""Feature"": ""Data requirement"", ""Feature_2"": """", ""Feature_3"": """", ""Feature_4"": """", ""ML"": ""Small to medium datasets"", ""ML_2"": """", ""ML_3"": """", ""ML_4"": """", ""DL"": ""Large and high-dimensional datasets""}, {""Feature"": """", ""Feature_2"": """", ""Feature_3"": """", ""Feature_4"": """", ""ML"": ""Compel manually designed"", ""ML_2"": """", ""ML_3"": """", ""ML_4"": """", ""DL"": """"}, {""Feature"": """", ""Feature_2"": """", ""Feature_3"": """", ""Feature_4"": """", ""ML"": ""descriptors for example ionic radius,"", ""ML_2"": """", ""ML_3"": """", ""ML_4"": """", ""DL"": """"}, {""Feature"": """", ""Feature_2"": """", ""Feature_3"": """", ""Feature_4"": """", ""ML"": ""and lattice parameters"", ""ML_2"": """", ""ML_3"": """", ""ML_4"": """", ""DL"": """"}, {""Feature"": """", ""Feature_2"": """", ""Feature_3"": """", ""Feature_4"": """", ""ML"": ""Captures moderate, often linear/non-"", ""ML_2"": """", ""ML_3"": """", ""ML_4"": """", ""DL"": """"}, {""Feature"": """", ""Feature_2"": """", ""Feature_3"": """", ""Feature_4"": """", ""ML"": ""linear relationships"", ""ML_2"": """", ""ML_3"": """", ""ML_4"": """", ""DL"": """"}, {""Feature"": ""Interpretability"", ""Feature_2"": """", ""Feature_3"": """", ""Feature_4"": """", ""ML"": ""High-models are often interpretable"", ""ML_2"": """", ""ML_3"": """", ""ML_4"": """", ""DL"": ""Moderate to low-models are often “black box”""}, {""Feature"": """", ""Feature_2"": """", ""Feature_3"": """", ""Feature_4"": """", ""ML"": ""Property prediction (ionic"", ""ML_2"": """", ""ML_3"": """", ""ML_4"": """", ""DL"": """"}, {""Feature"": """", ""Feature_2"": """", ""Feature_3"": """", ""Feature_4"": """", ""ML"": ""conductivity, stability, mechanical"", ""ML_2"": """", ""ML_3"": """", ""ML_4"": """", ""DL"": """"}, {""Feature"": """", ""Feature_2"": """", ""Feature_3"": """", ""Feature_4"": """", ""ML"": ""properties), screening of known"", ""ML_2"": """", ""ML_3"": """", ""ML_4"": """", ""DL"": """"}, {""Feature"": """", ""Feature_2"": """", ""Feature_3"": """", ""Feature_4"": """", ""ML"": ""materials"", ""ML_2"": """", ""ML_3"": """", ""ML_4"": """", ""DL"": """"}, {""Feature"": """", ""Feature_2"": """", ""Feature_3"": """", ""Feature_4"": """", ""ML"": ""Fast, interpretable, effective for"", ""ML_2"": """", ""ML_3"": """", ""ML_4"": """", ""DL"": """"}, {""Feature"": """", ""Feature_2"": """", ""Feature_3"": """", ""Feature_4"": """", ""ML"": ""small datasets"", ""ML_2"": """", ""ML_3"": """", ""ML_4"": """", ""DL"": """"}, {""Feature"": """", ""Feature_2"": """", ""Feature_3"": """", ""Feature_4"": """", ""ML"": ""Performance limited by feature"", ""ML_2"": """", ""ML_3"": """", ""ML_4"": """", ""DL"": """"}, {""Feature"": """", ""Feature_2"": """", ""Feature_3"": """", ""Feature_4"": """", ""ML"": ""quality and dataset size"", ""ML_2"": """", ""ML_3"": """", ""ML_4"": """", ""DL"": """"}]",NONE
AI-Driven Rational Design of Solid-State Electrolytes .pdf,1,Table 1. Comparison of ML and DL in AI-driven SSE design.,9,Results,"[""Automatically extract features from raw data (crystal""]","[{""Automatically extract features from raw data (crystal"": ""configurations, interface patterns)""}]",NONE
AI-Driven Rational Design of Solid-State Electrolytes .pdf,1,Table 1. Comparison of ML and DL in AI-driven SSE design.,9,Results,"[""Generative design of novel SSE compositions, modeling""]","[{""Generative design of novel SSE compositions, modeling"": ""structure-properties relationships in large datasets,""}, {""Generative design of novel SSE compositions, modeling"": ""interface and defects analysis""}]",NONE
AI-Driven Rational Design of Solid-State Electrolytes .pdf,1,Table 1. Comparison of ML and DL in AI-driven SSE design.,9,Results,"[""Applications in SSE""]","[{""Applications in SSE"": ""design""}]",NONE
AI-Driven Rational Design of Solid-State Electrolytes .pdf,1,Table 1. Comparison of ML and DL in AI-driven SSE design.,9,Results,"[""feature learning""]","[{""feature learning"": ""Requires large datasets and high and high""}, {""feature learning"": ""computational resources""}]",NONE
AI-Driven Rational Design of Solid-State Electrolytes .pdf,1,Table 1. Comparison of ML and DL in AI-driven SSE design.,9,Results,"[""Column"", ""(MLIP) have nominated as a transformative theoretical framework for scrutinizing SSE, linking""]","[{""Column"": ""he venerable gap between the accuracy of first-principles calculations and the required efficiency for large-scale"", ""(MLIP) have nominated as a transformative theoretical framework for scrutinizing SSE, linking"": """"}, {""Column"": ""atomistic simulations. Furthermore, in case of potential energy surfaces based on DFT datasets, MLIP facilitate"", ""(MLIP) have nominated as a transformative theoretical framework for scrutinizing SSE, linking"": """"}, {""Column"": ""he exploration of ion transport, defect evolution, phase transitions, and electrolyte electrode interfacial phenomena"", ""(MLIP) have nominated as a transformative theoretical framework for scrutinizing SSE, linking"": """"}, {""Column"": ""over extensively extended length and time scales. Numerous MLIP frameworks have been successfully developed,"", ""(MLIP) have nominated as a transformative theoretical framework for scrutinizing SSE, linking"": """"}, {""Column"": ""such as deep potential molecular dynamics (DPMD), Gaussian Approximation potentials (GAP), Moment Tensor"", ""(MLIP) have nominated as a transformative theoretical framework for scrutinizing SSE, linking"": """"}]",NONE
AI-Driven Rational Design of Solid-State Electrolytes .pdf,1,NONE,10,Results,"[""Potentials (MTP), and NNPs, each offering tremendous advantages in terms of accuracy, transferability, and""]","[{""Potentials (MTP), and NNPs, each offering tremendous advantages in terms of accuracy, transferability, and"": ""computational efficiency [156,157].""}]",NONE
AI-Driven Rational Design of Solid-State Electrolytes .pdf,1,NONE,15,Results,"[""Column"", ""However, conventional HTS faces challenges when relying on databases like MP, AFLOWLIB, and OQMD.""]","[{""Column"": ""In materials science, the primary challenge is manifestation of incomplete datasets, where including thermal"", ""However, conventional HTS faces challenges when relying on databases like MP, AFLOWLIB, and OQMD."": """"}, {""Column"": ""conductivity, elastic moduli, and electrochemical characteristics are frequently unfeasible. For instance, MP lacks"", ""However, conventional HTS faces challenges when relying on databases like MP, AFLOWLIB, and OQMD."": """"}, {""Column"": ""essential descriptors like bandgaps or mechanical properties for many entries. Additionally, inconsistent data"", ""However, conventional HTS faces challenges when relying on databases like MP, AFLOWLIB, and OQMD."": """"}, {""Column"": ""quality arises conflicting values for electrode potentials or lattice constants found between OQMD and MP can"", ""However, conventional HTS faces challenges when relying on databases like MP, AFLOWLIB, and OQMD."": """"}, {""Column"": ""lead to unreliable inputs and inaccurate predictions. Variations in computational approaches and data standards"", ""However, conventional HTS faces challenges when relying on databases like MP, AFLOWLIB, and OQMD."": """"}, {""Column"": ""further complicate integration. In energy storage research, timescale data often contain missing charge and"", ""However, conventional HTS faces challenges when relying on databases like MP, AFLOWLIB, and OQMD."": """"}]",NONE
AI-Driven Rational Design of Solid-State Electrolytes .pdf,1,NONE,16,Results,"[""discharge cycle or irregular timestamps, reducing predictive reliability. These issues underscore the inherent""]","[{""discharge cycle or irregular timestamps, reducing predictive reliability. These issues underscore the inherent"": ""limitations of public database driven HTS.""}]",NONE
AI-Driven Rational Design of Solid-State Electrolytes .pdf,2,NONE,16,Results,"[""Column"", ""Researchers are struggling with HTS in combination with outcomes obtained using DFT and ML models.""]","[{""Column"": ""This approach overcomes the shortcomings, offers autonomous strategy to use AI for screening, has established a"", ""Researchers are struggling with HTS in combination with outcomes obtained using DFT and ML models."": """"}, {""Column"": ""platform to design SSE with outstanding performance."", ""Researchers are struggling with HTS in combination with outcomes obtained using DFT and ML models."": """"}]",NONE
AI-Driven Rational Design of Solid-State Electrolytes .pdf,3,NONE,16,Results,"[""Column"", ""In this scenario, AI, DFT and HTS approaches have become emerging tools to develop novel SSE materials""]","[{""Column"": ""with enhanced functionalities. In present section, we describe the combined role of HTS, AI, DFT approaches to"", ""In this scenario, AI, DFT and HTS approaches have become emerging tools to develop novel SSE materials"": """"}, {""Column"": ""ensure reliability and improve the accuracy of analyzing SSE materials performance. In this context, Xie et al."", ""In this scenario, AI, DFT and HTS approaches have become emerging tools to develop novel SSE materials"": """"}, {""Column"": ""used HTS technique by integrating DFT and bond valence method and proposed 329 candidates as promising SSE,"", ""In this scenario, AI, DFT and HTS approaches have become emerging tools to develop novel SSE materials"": """"}, {""Column"": ""as illustrated in Figure 8a,b [199]. Further, the ionic conductivity with high precision were obtained via feature"", ""In this scenario, AI, DFT and HTS approaches have become emerging tools to develop novel SSE materials"": """"}, {""Column"": ""extraction from structural parameters using M3GNet model. Also, BV-KMC simulation, as a competent theoretical"", ""In this scenario, AI, DFT and HTS approaches have become emerging tools to develop novel SSE materials"": """"}, {""Column"": ""simulation tool, provides a more updated approach than conventional DFT simulations for evaluating Li-ion"", ""In this scenario, AI, DFT and HTS approaches have become emerging tools to develop novel SSE materials"": """"}, {""Column"": ""migration behavior. In detailed analysis, the energy greater than hull (E ) and bandgap (E ), a series of materials H g"", ""In this scenario, AI, DFT and HTS approaches have become emerging tools to develop novel SSE materials"": """"}, {""Column"": ""with real-world application potential were efficiently recognized."", ""In this scenario, AI, DFT and HTS approaches have become emerging tools to develop novel SSE materials"": """"}]",NONE
AI-Driven Rational Design of Solid-State Electrolytes .pdf,4,NONE,16,Results,"[""Column"", ""The primary focuses of collaborative approaches (DFT & AI) on moderating the computational costs while""]","[{""Column"": ""offering mechanistic understandings. For instance, Qi and its coworkers established the LAsou method, which"", ""The primary focuses of collaborative approaches (DFT & AI) on moderating the computational costs while"": """"}, {""Column"": ""combines ML with active learning algorithms, indicating in approximately a 30-fold proficiency improvement in"", ""The primary focuses of collaborative approaches (DFT & AI) on moderating the computational costs while"": """"}, {""Column"": ""predicting stable geometries of Li GeP S while revealing the physical reinforcements of geometries stability via 10 2 12"", ""The primary focuses of collaborative approaches (DFT & AI) on moderating the computational costs while"": """"}, {""Column"": ""theoretical approaches [200]. Moreover, Sendek and its coworkers gained an outstanding performance prediction"", ""The primary focuses of collaborative approaches (DFT & AI) on moderating the computational costs while"": """"}, {""Column"": ""by utilizing an ML model trained at microscopic level structure features, improve twice the prediction accuracy in"", ""The primary focuses of collaborative approaches (DFT & AI) on moderating the computational costs while"": """"}, {""Column"": ""comparison of traditional approaches Figure 8c [127]. These results facilitate the finding of novel superionic"", ""The primary focuses of collaborative approaches (DFT & AI) on moderating the computational costs while"": """"}, {""Column"": ""conductor materials, including Li B S . 5 7 13"", ""The primary focuses of collaborative approaches (DFT & AI) on moderating the computational costs while"": """"}]",NONE
AI-Driven Rational Design of Solid-State Electrolytes .pdf,5,NONE,16,Results,"[""Column"", ""Furthermore, Chen’s and its groups introduced the synergistic predictive system based on the M3GNet model""]","[{""Column"": ""are illustrated in Figure 8d. Through ML models to predict substantial properties including bandgaps and stability,"", ""Furthermore, Chen’s and its groups introduced the synergistic predictive system based on the M3GNet model"": """"}, {""Column"": ""in combination with HTS and theoretical simulation justification, they markedly pinpointed 589,609 predicted"", ""Furthermore, Chen’s and its groups introduced the synergistic predictive system based on the M3GNet model"": """"}, {""Column"": ""stable materials from a pool of over thirty-two (32) thousand candidates, finally revealing eighteen (18) ideal SSE"", ""Furthermore, Chen’s and its groups introduced the synergistic predictive system based on the M3GNet model"": """"}, {""Column"": ""materials. Fujii [201] and his colleagues have integrated HTS with ML framework to study defect chemistry. By"", ""Furthermore, Chen’s and its groups introduced the synergistic predictive system based on the M3GNet model"": """"}, {""Column"": ""theoretical validation, the complex three-dimensional proton-conducting networks ("", ""Furthermore, Chen’s and its groups introduced the synergistic predictive system based on the M3GNet model"": """"}]",NONE
AI-Driven Rational Design of Solid-State Electrolytes .pdf,1,NONE,17,Results,"[""Column"", ""The incorporation of AI with theoretical and experimental approaches has significantly transformed the""]","[{""Column"": ""rational design of SSE, boosting discovery far beyond the limits of traditional trial-and-error independently"", ""The incorporation of AI with theoretical and experimental approaches has significantly transformed the"": """"}, {""Column"": ""computational approaches. We comprehensively studied the progress achieved in multiple dimensions. The DFT"", ""The incorporation of AI with theoretical and experimental approaches has significantly transformed the"": """"}, {""Column"": ""calculations combined with MD simulations offers foundation of demonstrating structural stability, electronic"", ""The incorporation of AI with theoretical and experimental approaches has significantly transformed the"": """"}, {""Column"": ""properties and ion transport phenomena [202–204]. Nevertheless, the AI approaches broadly implemented as"", ""The incorporation of AI with theoretical and experimental approaches has significantly transformed the"": """"}, {""Column"": ""complementary tools to traditional theoretical approaches, to accelerate the discovery and optimization of SSE."", ""The incorporation of AI with theoretical and experimental approaches has significantly transformed the"": """"}, {""Column"": ""ML models including random forests, SVMs, and ANNs have revealed outstanding proficiency in predicting ionic"", ""The incorporation of AI with theoretical and experimental approaches has significantly transformed the"": """"}, {""Column"": ""conductivity, activation energy, and electrochemical stability directly from compositional and structural"", ""The incorporation of AI with theoretical and experimental approaches has significantly transformed the"": """"}, {""Column"": ""descriptors, facilitating rapid virtual screening of thousands of candidate materials. DL approaches, especially NNs"", ""The incorporation of AI with theoretical and experimental approaches has significantly transformed the"": """"}, {""Column"": ""and DPMD, have linked the gap between quantum mechanical accuracy and classical simulation efficiency,"", ""The incorporation of AI with theoretical and experimental approaches has significantly transformed the"": """"}, {""Column"": ""permitting realistic modeling of ion diffusion, interfacial dynamics, and phase transition over experimentally"", ""The incorporation of AI with theoretical and experimental approaches has significantly transformed the"": """"}, {""Column"": ""related timescale and system sizes. Additionally, AI-driven HTS frameworks, combined with public databases"", ""The incorporation of AI with theoretical and experimental approaches has significantly transformed the"": """"}, {""Column"": ""likes the MP and ICSD, have effectively identified novel superionic conductors, including sulfide, halide, and"", ""The incorporation of AI with theoretical and experimental approaches has significantly transformed the"": """"}, {""Column"": ""oxide-based SSE with optimized properties. Digital twin and active learning techniques have demonstrated the"", ""The incorporation of AI with theoretical and experimental approaches has significantly transformed the"": """"}, {""Column"": ""optimization of synthesis conditions, defect chemistries, and electrode-electrolyte interfaces, providing"", ""The incorporation of AI with theoretical and experimental approaches has significantly transformed the"": """"}, {""Column"": ""unprecedented understandings into structure-property relationships. Collectively, the developments in AI"", ""The incorporation of AI with theoretical and experimental approaches has significantly transformed the"": """"}, {""Column"": ""techniques have stimulated and underscored the optimization and discovery of next-generation SSE."", ""The incorporation of AI with theoretical and experimental approaches has significantly transformed the"": """"}]",NONE
Article 1.pdf,1,NONE,4,Results,"[""Argy"", ""rodite""]",[],NONE
Article 1.pdf,2,NONE,4,Results,"[""Column"", ""Column_2""]",[],NONE
Article 1.pdf,3,NONE,4,Results,"[""Column"", ""Column_2"", ""Column_3""]",[],NONE
OBELiX- A Curated Dataset of Crystal Structures and Experimentally Measured Ionic Conductivities for Lithium Solid-State Electrolytes.pdf,1,NONE,5,Results,"[""CIF Not available"", ""CIF Not available_2"", ""CIF Not available_3""]","[{""CIF Not available"": ""Close match Available"", ""CIF Not available_2"": """", ""CIF Not available_3"": """"}]",NONE
OBELiX- A Curated Dataset of Crystal Structures and Experimentally Measured Ionic Conductivities for Lithium Solid-State Electrolytes.pdf,2,NONE,5,Results,"[""Column"", ""Column_2"", ""Column_3"", ""Column_4"", ""Column_5"", ""Column_6"", ""Column_7"", ""Column_8"", ""Column_9"", ""Column_10"", ""Column_11"", ""Column_12"", ""Column_13""]",[],NONE
OBELiX- A Curated Dataset of Crystal Structures and Experimentally Measured Ionic Conductivities for Lithium Solid-State Electrolytes.pdf,1,NONE,6,Results,"[""Column"", ""Column_2"", ""Column_3"", ""Column_4"", ""Column_5"", ""Column_6"", ""Column_7"", ""Column_8"", ""Column_9"", ""Column_10"", ""Column_11"", ""Column_12"", ""Column_13"", ""Column_14"", ""Column_15"", ""Column_16"", ""Column_17"", ""Column_18"", ""Column_19"", ""Column_20"", ""Column_21"", ""Column_22"", ""Column_23"", ""Column_24"", ""Column_25"", ""Column_26"", ""Column_27"", ""Column_28"", ""Column_29"", ""Column_30"", ""Column_31"", ""Column_32"", ""Column_33"", ""Column_34"", ""Column_35"", ""Column_36"", ""Column_37"", ""Column_38"", ""Column_39"", ""Column_40"", ""Column_41"", ""Column_42"", ""Column_43"", ""Column_44"", ""Column_45"", ""Column_46"", ""Column_47"", ""Column_48""]",[],NONE
OBELiX- A Curated Dataset of Crystal Structures and Experimentally Measured Ionic Conductivities for Lithium Solid-State Electrolytes.pdf,1,NONE,8,Results,"[""Column"", ""Column_2"", ""Column_3"", ""Column_4"", ""Column_5"", ""Column_6"", ""Column_7"", ""Column_8"", ""Column_9"", ""Column_10"", ""Column_11"", ""Column_12"", ""Column_13"", ""Column_14"", ""Column_15"", ""Column_16"", ""Column_17"", ""Column_18"", ""Column_19"", ""Column_20"", ""Column_21"", ""Column_22"", ""Column_23""]","[{""Column"": """", ""Column_2"": """", ""Column_3"": """", ""Column_4"": """", ""Column_5"": """", ""Column_6"": """", ""Column_7"": """", ""Column_8"": """", ""Column_9"": """", ""Column_10"": """", ""Column_11"": """", ""Column_12"": """", ""Column_13"": """", ""Column_14"": """", ""Column_15"": """", ""Column_16"": """", ""Column_17"": """", ""Column_18"": """", ""Column_19"": """", ""Column_20"": ""Median e"", ""Column_21"": ""stima"", ""Column_22"": ""tor (CIF only"", ""Column_23"": "")""}, {""Column"": """", ""Column_2"": """", ""Column_3"": """", ""Column_4"": """", ""Column_5"": """", ""Column_6"": """", ""Column_7"": """", ""Column_8"": """", ""Column_9"": """", ""Column_10"": """", ""Column_11"": """", ""Column_12"": """", ""Column_13"": """", ""Column_14"": """", ""Column_15"": """", ""Column_16"": """", ""Column_17"": """", ""Column_18"": """", ""Column_19"": """", ""Column_20"": ""Median"", ""Column_21"": ""estim"", ""Column_22"": ""ator (full set"", ""Column_23"": "")""}, {""Column"": """", ""Column_2"": ""Evaluation Val. - full"", ""Column_3"": """", ""Column_4"": """", ""Column_5"": """", ""Column_6"": """", ""Column_7"": """", ""Column_8"": """", ""Column_9"": """", ""Column_10"": """", ""Column_11"": """", ""Column_12"": """", ""Column_13"": """", ""Column_14"": """", ""Column_15"": """", ""Column_16"": """", ""Column_17"": """", ""Column_18"": """", ""Column_19"": """", ""Column_20"": """", ""Column_21"": """", ""Column_22"": """", ""Column_23"": """"}, {""Column"": """", ""Column_2"": """", ""Column_3"": ""Evaluation Val. - full"", ""Column_4"": """", ""Column_5"": ""set set"", ""Column_6"": ""Model type Default"", ""Column_7"": """", ""Column_8"": """", ""Column_9"": """", ""Column_10"": """", ""Column_11"": """", ""Column_12"": """", ""Column_13"": """", ""Column_14"": """", ""Column_15"": """", ""Column_16"": """", ""Column_17"": """", ""Column_18"": """", ""Column_19"": """", ""Column_20"": """", ""Column_21"": """", ""Column_22"": """", ""Column_23"": """"}, {""Column"": """", ""Column_2"": ""Val. - CIF Test - full Test - CIF"", ""Column_3"": ""Val. - CIF Test - full Test - CIF"", ""Column_4"": """", ""Column_5"": ""only set only"", ""Column_6"": ""Pre-trained Disorder-a"", ""Column_7"": """", ""Column_8"": """", ""Column_9"": ""ware"", ""Column_10"": """", ""Column_11"": """", ""Column_12"": """", ""Column_13"": """", ""Column_14"": """", ""Column_15"": """", ""Column_16"": """", ""Column_17"": """", ""Column_18"": """", ""Column_19"": """", ""Column_20"": """", ""Column_21"": ""Experi"", ""Column_22"": ""mental error"", ""Column_23"": """"}]",NONE
Article 2.pdf,1,NONE,1,Results,"[""Column""]",[],NONE
Article 2.pdf,2,NONE,1,Results,"[""ABSTRACT: We discover many new crystalline solid materials with fast single crystal Li ion conductivity at room temperature, discovered through density functional theory simulations guided by machine learning-based methods. The discovery of new solid Li superionic conductors is of critical importance to the development of safe all-solid-state Li-ion batteries. With a predictive universal structure−property relationship for fast ion conduction not well understood, the search for new solid Li ion conductors has relied largely on trial-and-error computational and experimental searches over the last several decades. In this work, we perform a guided searchofmaterialsspacewithamachinelearning(ML)-based predictionmodelformaterialselectionanddensityfunctional theory molecular dynamics (DFT-MD) simulations for calculating ionic conductivity. These materials are screened from over 12000experimentallysynthesizedandcharacterizedcandidateswithverydiversestructuresandcompositions.Whencompared to a random search of materials space, we find that the ML-guided search is 2.7 times more likely to identify fast Li ion conductors,withatleasta44timesimprovementinthelog-averageofroomtemperatureLiionconductivity.TheF1scoreof theML-basedmodelis0.50,3.5timesbetterthantheF1scoreexpectedfromcompletelyrandomguesswork.Inahead-to-head competition against six Ph.D. students working in the field, we find that the ML-based model doubles the F1 score of human experts in its ability to identify fast Li-ion conductors from atomistic structure with a 1000-fold increase in speed, clearly demonstratingtheutilityofthismodelfortheresearchcommunity.InadditiontohavinghighpredictedLi-ionconductivity,all materialsreportedherelacktransitionmetalstoenhancestabilityagainstreductionbytheLimetalanodeandarepredictedto exhibit low electronic conduction, high stability against oxidation, and high thermodynamic stability, making them promising candidates for solid-state electrolyte applications on these several essential metrics.""]",[],NONE
Article 2.pdf,1,Table 1. Density Functional Theory Molecular Dynamics Results for Machine Learning-Guided Material Selectiona,6,Results,"[""rofecnedive ledomtcerroc ?noitciderp""]","[{""rofecnedive ledomtcerroc ?noitciderp"": ""detciderp-LM ?cinoirepus""}, {""rofecnedive ledomtcerroc ?noitciderp"": ""TRdetalopartxe )mc/Sm(⟩σ⟨ ii )K(T,)mc/Sm(⟩σ⟨detupmoc ii redaBiLegareva egrahcecnelav )K(T,)sp/2Å(⟩D⟨detupmoc ii alumroflacimehc )####-pm( DIPM""}]",NONE
Article 2.pdf,2,Table 2. Density Functional Theory Molecular Dynamics Results for Random Material Selectiona,7,Results,"[""RandomlyGuidedMaterialSelection"", ""RandomlyGuidedMaterialSelection_2"", ""RandomlyGuidedMaterialSelection_3"", ""RandomlyGuidedMaterialSelection_4""]","[{""RandomlyGuidedMaterialSelection"": ""MPID (mp- ####)"", ""RandomlyGuidedMaterialSelection_2"": ""chemicalformula"", ""RandomlyGuidedMaterialSelection_3"": ""averageLi Bader extrapolated ML- valence computed⟨σ⟩(mS/cm), RT⟨σ⟩ predicted computed⟨D⟩(Å2/ps),T(K) charge T( i K i ) (mS/cm ii ) superionic? ii"", ""RandomlyGuidedMaterialSelection_4"": ""evidencefor correctmodel prediction?""}]",NONE
Article 7.pdf,1,NONE,5,Results,"[""Column"", ""Column_2""]",[],NONE
Machine_Learning_Paradigm_for_Advanced_Battery_Ele.pdf,1,NONE,1,Results,"[""Column"", ""Column_2"", ""Column_3"", ""Column_4""]",[],NONE
Article 8 2.pdf,1,NONE,8,Results,"[""MP"", ""WBM"", ""SWCBM"", ""CAMD""]",[],NONE
Article 8 2.pdf,1,NONE,9,Results,"[""Column""]","[{""Column"": ""Classification""}]",NONE
Article 8 2.pdf,1,NONE,11,Results,"[""LGBM""]","[{""LGBM"": ""CGCNN""}, {""LGBM"": ""MEGNet""}, {""LGBM"": ""MPNN""}, {""LGBM"": ""SchNet""}]",NONE
Article 8 2.pdf,2,NONE,11,Results,"[""Formation energy (< 0.0 eV/atom)"", ""Formation energy (< 0.0 eV/atom)_2"", ""Formation energy (< 0.0 eV/atom)_3"", ""Formation energy (< 0.0 eV/atom)_4"", ""Formation energy (< 0.0 eV/atom)_5""]","[{""Formation energy (< 0.0 eV/atom)"": ""Band gap (>0 .1 eV)"", ""Formation energy (< 0.0 eV/atom)_2"": """", ""Formation energy (< 0.0 eV/atom)_3"": """", ""Formation energy (< 0.0 eV/atom)_4"": """", ""Formation energy (< 0.0 eV/atom)_5"": """"}, {""Formation energy (< 0.0 eV/atom)"": """", ""Formation energy (< 0.0 eV/atom)_2"": """", ""Formation energy (< 0.0 eV/atom)_3"": """", ""Formation energy (< 0.0 eV/atom)_4"": """", ""Formation energy (< 0.0 eV/atom)_5"": ""979""}, {""Formation energy (< 0.0 eV/atom)"": ""G > 8.5 GPa, K /G > 1.75 VRH VRH VRH"", ""Formation energy (< 0.0 eV/atom)_2"": """", ""Formation energy (< 0.0 eV/atom)_3"": """", ""Formation energy (< 0.0 eV/atom)_4"": """", ""Formation energy (< 0.0 eV/atom)_5"": ""758""}, {""Formation energy (< 0.0 eV/atom)"": ""Optimization"", ""Formation energy (< 0.0 eV/atom)_2"": """", ""Formation energy (< 0.0 eV/atom)_3"": """", ""Formation energy (< 0.0 eV/atom)_4"": """", ""Formation energy (< 0.0 eV/atom)_5"": ""758""}, {""Formation energy (< 0.0 eV/atom)"": ""Classify fast-ion conductor (≥10-4 S/cm)"", ""Formation energy (< 0.0 eV/atom)_2"": """", ""Formation energy (< 0.0 eV/atom)_3"": """", ""Formation energy (< 0.0 eV/atom)_4"": """", ""Formation energy (< 0.0 eV/atom)_5"": ""29""}, {""Formation energy (< 0.0 eV/atom)"": ""AIMD simulation"", ""Formation energy (< 0.0 eV/atom)_2"": """", ""Formation energy (< 0.0 eV/atom)_3"": """", ""Formation energy (< 0.0 eV/atom)_4"": """", ""Formation energy (< 0.0 eV/atom)_5"": ""10""}]",NONE
Article 8 2.pdf,3,NONE,11,Results,"[""1"", ""1_2""]",[],NONE
Article 8 2.pdf,4,NONE,11,Results,"[""Column"", ""Column_2""]","[{""Column"": """", ""Column_2"": ""3""}]",NONE
Article 8 2.pdf,5,NONE,11,Results,"[""Column"", ""Column_2""]",[],NONE
Article 8 2.pdf,6,NONE,11,Results,"[""Column"", ""Column_2""]",[],NONE
Article 8 2.pdf,7,NONE,11,Results,"[""589,609""]","[{""589,609"": ""197,744""}]",NONE
Article 8 2.pdf,8,NONE,11,Results,"[""583""]","[{""583"": ""147""}, {""583"": ""74""}]",NONE
Article 8 2.pdf,9,NONE,11,Results,"[""Column"", ""0""]",[],NONE
Article 8 2.pdf,1,NONE,13,Results,"[""Energy and force evaluation Neural network potential Interface to common first-principles and force field packages VASP Gaussian LAMMPS ..."", ""PES sampling of aperiodic and periodic systems Local Global Transition minima minima states Reaction Solid phase pathway transition Lowest energy pathway for multistep reactions Monte Molecular Carlo dynamics""]",[],NONE
Article 8 2.pdf,2,NONE,13,Results,"[""Reaction pathway"", ""Reaction pathway_2""]","[{""Reaction pathway"": ""Lowest energy pathway for multistep reactions"", ""Reaction pathway_2"": """"}, {""Reaction pathway"": ""Monte Carlo"", ""Reaction pathway_2"": ""Molecular dynamics""}]",NONE
Article 8 2.pdf,3,NONE,13,Results,"[""VASP""]","[{""VASP"": ""Gaussian""}, {""VASP"": ""LAMMPS""}]",NONE
Article 8 2.pdf,1,NONE,15,Results,"[""Feature 0–15"", ""Feature 16–199"", ""Label""]",[],NONE
Article 8 2.pdf,2,NONE,15,Results,"[""Column"", ""Column_2"", ""Column_3""]",[],NONE
Article 8 2.pdf,3,NONE,15,Results,"[""Li+ Li+ Li+"", ""Li+ Li+ Li+_2"", ""Li+ Li+ Li+_3"", ""Li+ Li+ Li+_4"", ""Li+ Li+ Li+_5""]",[],NONE
Article 8 2.pdf,1,NONE,17,Results,"[""Accurate"", ""Candidate""]",[],NONE
Article 8.pdf,1,NONE,8,Results,"[""MP"", ""WBM"", ""SWCBM"", ""CAMD""]",[],NONE
Article 8.pdf,1,NONE,9,Results,"[""Column""]","[{""Column"": ""Classification""}]",NONE
Article 8.pdf,1,NONE,11,Results,"[""LGBM""]","[{""LGBM"": ""CGCNN""}, {""LGBM"": ""MEGNet""}, {""LGBM"": ""MPNN""}, {""LGBM"": ""SchNet""}]",NONE
Article 8.pdf,2,NONE,11,Results,"[""Formation energy (< 0.0 eV/atom)"", ""Formation energy (< 0.0 eV/atom)_2"", ""Formation energy (< 0.0 eV/atom)_3"", ""Formation energy (< 0.0 eV/atom)_4"", ""Formation energy (< 0.0 eV/atom)_5""]","[{""Formation energy (< 0.0 eV/atom)"": ""Band gap (>0 .1 eV)"", ""Formation energy (< 0.0 eV/atom)_2"": """", ""Formation energy (< 0.0 eV/atom)_3"": """", ""Formation energy (< 0.0 eV/atom)_4"": """", ""Formation energy (< 0.0 eV/atom)_5"": """"}, {""Formation energy (< 0.0 eV/atom)"": """", ""Formation energy (< 0.0 eV/atom)_2"": """", ""Formation energy (< 0.0 eV/atom)_3"": """", ""Formation energy (< 0.0 eV/atom)_4"": """", ""Formation energy (< 0.0 eV/atom)_5"": ""979""}, {""Formation energy (< 0.0 eV/atom)"": ""G > 8.5 GPa, K /G > 1.75 VRH VRH VRH"", ""Formation energy (< 0.0 eV/atom)_2"": """", ""Formation energy (< 0.0 eV/atom)_3"": """", ""Formation energy (< 0.0 eV/atom)_4"": """", ""Formation energy (< 0.0 eV/atom)_5"": ""758""}, {""Formation energy (< 0.0 eV/atom)"": ""Optimization"", ""Formation energy (< 0.0 eV/atom)_2"": """", ""Formation energy (< 0.0 eV/atom)_3"": """", ""Formation energy (< 0.0 eV/atom)_4"": """", ""Formation energy (< 0.0 eV/atom)_5"": ""758""}, {""Formation energy (< 0.0 eV/atom)"": ""Classify fast-ion conductor (≥10-4 S/cm)"", ""Formation energy (< 0.0 eV/atom)_2"": """", ""Formation energy (< 0.0 eV/atom)_3"": """", ""Formation energy (< 0.0 eV/atom)_4"": """", ""Formation energy (< 0.0 eV/atom)_5"": ""29""}, {""Formation energy (< 0.0 eV/atom)"": ""AIMD simulation"", ""Formation energy (< 0.0 eV/atom)_2"": """", ""Formation energy (< 0.0 eV/atom)_3"": """", ""Formation energy (< 0.0 eV/atom)_4"": """", ""Formation energy (< 0.0 eV/atom)_5"": ""10""}]",NONE
Article 8.pdf,3,NONE,11,Results,"[""1"", ""1_2""]",[],NONE
Article 8.pdf,4,NONE,11,Results,"[""Column"", ""Column_2""]","[{""Column"": """", ""Column_2"": ""3""}]",NONE
Article 8.pdf,5,NONE,11,Results,"[""Column"", ""Column_2""]",[],NONE
Article 8.pdf,6,NONE,11,Results,"[""Column"", ""Column_2""]",[],NONE
Article 8.pdf,7,NONE,11,Results,"[""589,609""]","[{""589,609"": ""197,744""}]",NONE
Article 8.pdf,8,NONE,11,Results,"[""583""]","[{""583"": ""147""}, {""583"": ""74""}]",NONE
Article 8.pdf,9,NONE,11,Results,"[""Column"", ""0""]",[],NONE
Article 8.pdf,1,NONE,13,Results,"[""Energy and force evaluation Neural network potential Interface to common first-principles and force field packages VASP Gaussian LAMMPS ..."", ""PES sampling of aperiodic and periodic systems Local Global Transition minima minima states Reaction Solid phase pathway transition Lowest energy pathway for multistep reactions Monte Molecular Carlo dynamics""]",[],NONE
Article 8.pdf,2,NONE,13,Results,"[""Reaction pathway"", ""Reaction pathway_2""]","[{""Reaction pathway"": ""Lowest energy pathway for multistep reactions"", ""Reaction pathway_2"": """"}, {""Reaction pathway"": ""Monte Carlo"", ""Reaction pathway_2"": ""Molecular dynamics""}]",NONE
Article 8.pdf,3,NONE,13,Results,"[""VASP""]","[{""VASP"": ""Gaussian""}, {""VASP"": ""LAMMPS""}]",NONE
Article 8.pdf,1,NONE,15,Results,"[""Feature 0–15"", ""Feature 16–199"", ""Label""]",[],NONE
Article 8.pdf,2,NONE,15,Results,"[""Column"", ""Column_2"", ""Column_3""]",[],NONE
Article 8.pdf,3,NONE,15,Results,"[""Li+ Li+ Li+"", ""Li+ Li+ Li+_2"", ""Li+ Li+ Li+_3"", ""Li+ Li+ Li+_4"", ""Li+ Li+ Li+_5""]",[],NONE
Article 8.pdf,1,NONE,17,Results,"[""Accurate"", ""Candidate""]",[],NONE
Article 9.pdf,1,NONE,1,Results,"[""Column"", ""Published on 16 January 20"", ""26""]","[{""Column"": ""P"", ""Published on 16 January 20"": ""APER"", ""26"": """"}, {""Column"": """", ""Published on 16 January 20"": ""Licensed under CC-BY-NC"", ""26"": ""4.0""}]",NONE
Article 9.pdf,2,NONE,1,Results,"[""Column""]","[{""Column"": ""Broadercontext Thetransitiontorenewableenergynecessitatesthedevelopmentofsafe,high-energy-density,andsustainableenergystoragesystems.All-solid-statesodium batteries(ASSSBs)representapromisingalternativetoconventionallithium-basedtechnologies,owingtotheabundanceofsodiumandenhancedsafety. However,thewidespreadadoptionofASSSBsishinderedbythelimitationsofexistingsolid-stateelectrolytes,particularlyintermsofionicconductivity,phase stability,andinterfacialcompatibility.NASICON-typeelectrolytes,whileadvantageous,sufferfrominherentissuessuchasimpurityformationandrestricted Na+transportpathways.Thisworkintroducesamachinelearning-acceleratedstrategytodesignentropy-stabilizedmulti-cationNASICONmaterials,effectively addressingthesechallenges.Bycombiningcomputationalintelligencewithadvancedsynthesisandcharacterization,wedemonstrateanovelelectrolytewith exceptionalionicconductivityandunprecedentedcyclingstability.Ourapproachnotonlyadvancesthefundamentalunderstandingofentropyregulationin ion-conductingmaterialsbutalsoprovidesascalablepathwaytowardnext-generation,high-performancesolid-statebatteries,withimplicationsextendingto Li+,K+,andmultivalent-ionsystems.""}]",NONE
Machine Learning-Assisted Crystal Structure Prediction of SolidState Electrolytes Reveals Superior Ionic Conductivity in Metastable Edge-Sharing Phases.pdf,1,NONE,1,Results,"[""Column""]",[],NONE
Article 7 2.pdf,1,NONE,5,Results,"[""Column"", ""Column_2""]",[],NONE
Predicting ionic conductivity in solids from the machine-learned potential energy landscape.pdf,1,NONE,3,Results,"[""Column"", ""Column_2"", ""Column_3"", ""Column_4"", ""Column_5"", ""153k: Materials Project crystal structures""]","[{""Column"": """", ""Column_2"": """", ""Column_3"": """", ""Column_4"": """", ""Column_5"": """", ""153k: Materials Project crystal structures"": ""21.7k: Li-containing structures""}, {""Column"": ""Li mobility 1.3k: passing stability, band-gap data and constituents selection"", ""Column_2"": """", ""Column_3"": """", ""Column_4"": """", ""Column_5"": """", ""153k: Materials Project crystal structures"": """"}]",NONE
Predicting ionic conductivity in solids from the machine-learned potential energy landscape.pdf,1,NONE,5,Results,"[""FV (disconnected) Ξ""]","[{""FV (disconnected) Ξ"": ""0.5 ].u.a[ )esab erocS ,DMIA( 0.0 ).partxe ].u.a[ 0.5 erocS ,DMIA( 0.0 )latnemirepxe( ].u.a[ 0.5 erocS 0.0 0.0 0.5 1.0 1.5 2.0 2.5 3.0 3.5 4.""}]",NONE
Predicting ionic conductivity in solids from the machine-learned potential energy landscape.pdf,2,NONE,5,Results,"[""Column"", ""Column_2"", ""Column_3"", ""Column_4"", ""Column_5"", ""Column_6"", ""Column_7"", ""Column_8"", ""Column_9"", ""Column_10""]",[],NONE
Predicting ionic conductivity in solids from the machine-learned potential energy landscape.pdf,1,NONE,6,Results,"[""Column"", ""Column_2"", ""Column_3"", ""Column_4"", ""# St 1 Li 2 Li 3 Li"", ""ruct. EA [e B3H8 0.080 (BH)6 0.219 I"", ""ruct. EA [e B3H8 0.080 (BH)6 0.219 I_2"", ""V] p-value (d ± 0.042 0.088 (2.4 ± 0.086 0.166 (1.8"", ""2 f) 3) 0)""]","[{""Column"": """", ""Column_2"": """", ""Column_3"": ""H 4"", ""Column_4"": """", ""# St 1 Li 2 Li 3 Li"": ""6 Li 9 Li 12 Li"", ""ruct. EA [e B3H8 0.080 (BH)6 0.219 I"": ""2Te BH4 0.389 7P3S11 0.249"", ""ruct. EA [e B3H8 0.080 (BH)6 0.219 I_2"": """", ""V] p-value (d ± 0.042 0.088 (2.4 ± 0.086 0.166 (1.8"": ""± 0.026 0.540 (0.6 ± 0.018 0.226 (1.4"", ""2 f) 3) 0)"": ""2) 9)""}, {""Column"": """", ""Column_2"": """", ""Column_3"": """", ""Column_4"": """", ""# St 1 Li 2 Li 3 Li"": ""LiB3H"", ""ruct. EA [e B3H8 0.080 (BH)6 0.219 I"": ""8"", ""ruct. EA [e B3H8 0.080 (BH)6 0.219 I_2"": """", ""V] p-value (d ± 0.042 0.088 (2.4 ± 0.086 0.166 (1.8"": """", ""2 f) 3) 0)"": """"}, {""Column"": """", ""Column_2"": ""Li"", ""Column_3"": ""(BH)6"", ""Column_4"": """", ""# St 1 Li 2 Li 3 Li"": """", ""ruct. EA [e B3H8 0.080 (BH)6 0.219 I"": ""L"", ""ruct. EA [e B3H8 0.080 (BH)6 0.219 I_2"": """", ""V] p-value (d ± 0.042 0.088 (2.4 ± 0.086 0.166 (1.8"": ""i7P 3S 11"", ""2 f) 3) 0)"": """"}]",NONE
Predicting ionic conductivity in solids from the machine-learned potential energy landscape.pdf,1,NONE,7,Results,"[""#"", ""MP identifier [26]"", ""Composition"", ""Ξ"", ""AIMD results (χ2 T [K] τ [ps] σ [S/cm] E [meV] p-value ) A df""]","[{""#"": ""1 2 3 4 5 6 7 8 9 10"", ""MP identifier [26]"": ""mp-1211100 mp-1211296 mp-570935 mp-721239 mp-721252 mp-2530 mp-721253 mp-705516 mp-644223 mp-696127"", ""Composition"": ""LiB H 3 8 Li(BH) 6 LiI Li Ge(PSe ) 10 6 2 Li Sn(PSe ) 10 6 2 Li Te 2 Li Si(PSe ) 10 6 2 Li Sn(PSe ) 10 6 2 LiBH 4 Li Ge(PSe ) 10 6 2"", ""Ξ"": ""0.9924 0.9898 0.9812 0.9746 0.9729 0.9712 0.9712 0.9661 0.9647 0.9645"", ""AIMD results (χ2 T [K] τ [ps] σ [S/cm] E [meV] p-value ) A df"": ""1000 53.7 2.6±0.6 80±42 0.09 (2.4) 667 80.0 1.27±0.09 500 104.8 1.5±0.4 417 68.9 1.03±0.30 363 97.4 0.082±0.023∗ 1000 60.8 0.9±0.5 219±86 0.17 (1.8) 667 81.0 0.32±0.13 500 70.3 0.10±0.05 417 58.4 0.26±0.12 1000 57.2 3.7±0.4 - - 667 64.4 0.5±0.6 500 66.2 (2.2±1.0)×10−3 - - - - - - - - - - 1000 41.9 4.19±0.17 - - 667 88.0 (1.4±0.6)×10−3 500 47.9 −(0.5±1.8)×10−3 - - - - - - - - - - 1000 65.6 4.9±0.9 389±26 0.54 (0.6) 667 92.9 1.1±0.4 500 132.7 0.24±0.17 417 92.8 0.016±0.012 - - - - -""}, {""#"": ""12 25"", ""MP identifier [26]"": ""mp-641703 mp-696128"", ""Composition"": ""Li P S 7 3 11 Li Ge(PS ) 10 6 2"", ""Ξ"": ""0.9606 0.9379"", ""AIMD results (χ2 T [K] τ [ps] σ [S/cm] E [meV] p-value ) A df"": ""1000 69.5 1.96±0.14 249±18 0.23 (1.5) 667 85.6 0.86±0.14 500 119.7 0.193±0.039 417 58.1 0.18±0.09 - - - - -""}]",Composition
Predicting ionic conductivity in solids from the machine-learned potential energy landscape.pdf,1,NONE,13,Results,"[""Column""]",[],NONE
Predicting ionic conductivity in solids from the machine-learned potential energy landscape.pdf,2,NONE,13,Results,"[""Column""]",[],NONE
Predicting ionic conductivity in solids from the machine-learned potential energy landscape.pdf,3,NONE,13,Results,"[""mp-1211100 101 mp-1211296 mp-641703 mp-644223 ]sp mp-570935 100 / mp-2530 2Å[ Temperature )PAILM( 1000K 500K 10 1 epols DSM 10 2 10 3 10 3 10 2 10 1 100 101 MSD slope (SIESTA) [Å2 / ps]"", ""mp-1211100 101 mp-1211296 mp-641703 mp-644223 ]sp mp-570935 100 / mp-2530 2Å[ Temperature )PAILM( 1000K 500K 10 1 epols DSM 10 2 10 3 10 3 10 2 10 1 100 101 MSD slope (SIESTA) [Å2 / ps]_2""]","[{""mp-1211100 101 mp-1211296 mp-641703 mp-644223 ]sp mp-570935 100 / mp-2530 2Å[ Temperature )PAILM( 1000K 500K 10 1 epols DSM 10 2 10 3 10 3 10 2 10 1 100 101 MSD slope (SIESTA) [Å2 / ps]"": """", ""mp-1211100 101 mp-1211296 mp-641703 mp-644223 ]sp mp-570935 100 / mp-2530 2Å[ Temperature )PAILM( 1000K 500K 10 1 epols DSM 10 2 10 3 10 3 10 2 10 1 100 101 MSD slope (SIESTA) [Å2 / ps]_2"": ""mp-1211100 mp-1211296 mp-641703 mp-644223 mp-570935 mp-2530 Temperature 1000K 500K""}, {""mp-1211100 101 mp-1211296 mp-641703 mp-644223 ]sp mp-570935 100 / mp-2530 2Å[ Temperature )PAILM( 1000K 500K 10 1 epols DSM 10 2 10 3 10 3 10 2 10 1 100 101 MSD slope (SIESTA) [Å2 / ps]"": ""10 10 3"", ""mp-1211100 101 mp-1211296 mp-641703 mp-644223 ]sp mp-570935 100 / mp-2530 2Å[ Temperature )PAILM( 1000K 500K 10 1 epols DSM 10 2 10 3 10 3 10 2 10 1 100 101 MSD slope (SIESTA) [Å2 / ps]_2"": """"}]",NONE
Predicting ionic conductivity in solids from the machine-learned potential energy landscape.pdf,1,NONE,14,Results,"[""1 K003=T − 2 − 3 − 10− 3 10− 2 10− 1"", ""1 K003=T − 2 − 3 − 10− 3 10− 2 10− 1_2""]",[],NONE
Predicting ionic conductivity in solids from the machine-learned potential energy landscape.pdf,2,NONE,14,Results,"[""1 K003=T − 2 − 3 − 10− 2 10− 1"", ""1 K003=T − 2 − 3 − 10− 2 10− 1_2""]",[],NONE
Predicting ionic conductivity in solids from the machine-learned potential energy landscape.pdf,3,NONE,14,Results,"[""Column""]","[{""Column"": ""10 3 10 2 10 1 FV0.5eV (connected)""}]",NONE
Predicting ionic conductivity in solids from the machine-learned potential energy landscape.pdf,4,NONE,14,Results,"[""Column""]","[{""Column"": ""10 2 10 1 FV0.5eV (disconnected)""}]",NONE
Predicting ionic conductivity in solids from the machine-learned potential energy landscape.pdf,1,NONE,15,Results,"[""Column""]","[{""Column"": ""Ξ Logistic Regression (L1) CatBoost Random guess Logistic Regression (L2)""}, {""Column"": ""PES+Matminer Matminer PES 0.00 0.25 0.50 0.0 0.5 1.0 0.00 0.25 0.50 Score [a.u.] Score [a.u.] Score [a.u.] (AIMD, base) (AIMD, extrap.) (experimental)""}]",NONE
Predicting ionic conductivity in solids from the machine-learned potential energy landscape.pdf,2,NONE,15,Results,"[""Column""]",[],NONE
Predicting ionic conductivity in solids from the machine-learned potential energy landscape.pdf,3,NONE,15,Results,"[""Column"", ""Column_2""]",[],NONE
Predicting ionic conductivity in solids from the machine-learned potential energy landscape.pdf,1,NONE,16,Results,"[""]sp ]sp 101 101 / / 2Å[ 2Å[ 10 1 sepols 10 1 sepols 10 3 wodniw 10 3 wodniw 10 5 10 5 sp sp 10 7 ]51 10 7 ]51 ,0[ ,1[ 10 7 10 5 10 3 10 1 101 10 7 10 5 10 3 10 1 101 Full path slopes [Å2 / ps] Full path slopes [Å2 / ps] ]sp ]sp 101 101 / / 2Å[ 2Å[ 10 1 sepols 10 1 sepols 10 3 wodniw 10 3 wodniw 10 5 10 5 sp sp 10 7 ]51 10 7 ]51 ,5[ ,5[ 10 7 10 5 10 3 10 1 101 10 7 10 5 10 3 10 1 101 Full path slopes [Å2 / ps] [1, 15] ps window slopes [Å2 / ps]"", ""]sp ]sp 101 101 / / 2Å[ 2Å[ 10 1 sepols 10 1 sepols 10 3 wodniw 10 3 wodniw 10 5 10 5 sp sp 10 7 ]51 10 7 ]51 ,0[ ,1[ 10 7 10 5 10 3 10 1 101 10 7 10 5 10 3 10 1 101 Full path slopes [Å2 / ps] Full path slopes [Å2 / ps] ]sp ]sp 101 101 / / 2Å[ 2Å[ 10 1 sepols 10 1 sepols 10 3 wodniw 10 3 wodniw 10 5 10 5 sp sp 10 7 ]51 10 7 ]51 ,5[ ,5[ 10 7 10 5 10 3 10 1 101 10 7 10 5 10 3 10 1 101 Full path slopes [Å2 / ps] [1, 15] ps window slopes [Å2 / ps]_2"", ""]sp ]sp 101 101 / / 2Å[ 2Å[ 10 1 sepols 10 1 sepols 10 3 wodniw 10 3 wodniw 10 5 10 5 sp sp 10 7 ]51 10 7 ]51 ,0[ ,1[ 10 7 10 5 10 3 10 1 101 10 7 10 5 10 3 10 1 101 Full path slopes [Å2 / ps] Full path slopes [Å2 / ps] ]sp ]sp 101 101 / / 2Å[ 2Å[ 10 1 sepols 10 1 sepols 10 3 wodniw 10 3 wodniw 10 5 10 5 sp sp 10 7 ]51 10 7 ]51 ,5[ ,5[ 10 7 10 5 10 3 10 1 101 10 7 10 5 10 3 10 1 101 Full path slopes [Å2 / ps] [1, 15] ps window slopes [Å2 / ps]_3"", ""]sp ]sp 101 101 / / 2Å[ 2Å[ 10 1 sepols 10 1 sepols 10 3 wodniw 10 3 wodniw 10 5 10 5 sp sp 10 7 ]51 10 7 ]51 ,0[ ,1[ 10 7 10 5 10 3 10 1 101 10 7 10 5 10 3 10 1 101 Full path slopes [Å2 / ps] Full path slopes [Å2 / ps] ]sp ]sp 101 101 / / 2Å[ 2Å[ 10 1 sepols 10 1 sepols 10 3 wodniw 10 3 wodniw 10 5 10 5 sp sp 10 7 ]51 10 7 ]51 ,5[ ,5[ 10 7 10 5 10 3 10 1 101 10 7 10 5 10 3 10 1 101 Full path slopes [Å2 / ps] [1, 15] ps window slopes [Å2 / ps]_4"", ""]sp ]sp 101 101 / / 2Å[ 2Å[ 10 1 sepols 10 1 sepols 10 3 wodniw 10 3 wodniw 10 5 10 5 sp sp 10 7 ]51 10 7 ]51 ,0[ ,1[ 10 7 10 5 10 3 10 1 101 10 7 10 5 10 3 10 1 101 Full path slopes [Å2 / ps] Full path slopes [Å2 / ps] ]sp ]sp 101 101 / / 2Å[ 2Å[ 10 1 sepols 10 1 sepols 10 3 wodniw 10 3 wodniw 10 5 10 5 sp sp 10 7 ]51 10 7 ]51 ,5[ ,5[ 10 7 10 5 10 3 10 1 101 10 7 10 5 10 3 10 1 101 Full path slopes [Å2 / ps] [1, 15] ps window slopes [Å2 / ps]_5"", ""]sp ]sp 101 101 / / 2Å[ 2Å[ 10 1 sepols 10 1 sepols 10 3 wodniw 10 3 wodniw 10 5 10 5 sp sp 10 7 ]51 10 7 ]51 ,0[ ,1[ 10 7 10 5 10 3 10 1 101 10 7 10 5 10 3 10 1 101 Full path slopes [Å2 / ps] Full path slopes [Å2 / ps] ]sp ]sp 101 101 / / 2Å[ 2Å[ 10 1 sepols 10 1 sepols 10 3 wodniw 10 3 wodniw 10 5 10 5 sp sp 10 7 ]51 10 7 ]51 ,5[ ,5[ 10 7 10 5 10 3 10 1 101 10 7 10 5 10 3 10 1 101 Full path slopes [Å2 / ps] [1, 15] ps window slopes [Å2 / ps]_6"", ""]sp ]sp 101 101 / / 2Å[ 2Å[ 10 1 sepols 10 1 sepols 10 3 wodniw 10 3 wodniw 10 5 10 5 sp sp 10 7 ]51 10 7 ]51 ,0[ ,1[ 10 7 10 5 10 3 10 1 101 10 7 10 5 10 3 10 1 101 Full path slopes [Å2 / ps] Full path slopes [Å2 / ps] ]sp ]sp 101 101 / / 2Å[ 2Å[ 10 1 sepols 10 1 sepols 10 3 wodniw 10 3 wodniw 10 5 10 5 sp sp 10 7 ]51 10 7 ]51 ,5[ ,5[ 10 7 10 5 10 3 10 1 101 10 7 10 5 10 3 10 1 101 Full path slopes [Å2 / ps] [1, 15] ps window slopes [Å2 / ps]_7"", ""]sp ]sp 101 101 / / 2Å[ 2Å[ 10 1 sepols 10 1 sepols 10 3 wodniw 10 3 wodniw 10 5 10 5 sp sp 10 7 ]51 10 7 ]51 ,0[ ,1[ 10 7 10 5 10 3 10 1 101 10 7 10 5 10 3 10 1 101 Full path slopes [Å2 / ps] Full path slopes [Å2 / ps] ]sp ]sp 101 101 / / 2Å[ 2Å[ 10 1 sepols 10 1 sepols 10 3 wodniw 10 3 wodniw 10 5 10 5 sp sp 10 7 ]51 10 7 ]51 ,5[ ,5[ 10 7 10 5 10 3 10 1 101 10 7 10 5 10 3 10 1 101 Full path slopes [Å2 / ps] [1, 15] ps window slopes [Å2 / ps]_8"", ""]sp ]sp 101 101 / / 2Å[ 2Å[ 10 1 sepols 10 1 sepols 10 3 wodniw 10 3 wodniw 10 5 10 5 sp sp 10 7 ]51 10 7 ]51 ,0[ ,1[ 10 7 10 5 10 3 10 1 101 10 7 10 5 10 3 10 1 101 Full path slopes [Å2 / ps] Full path slopes [Å2 / ps] ]sp ]sp 101 101 / / 2Å[ 2Å[ 10 1 sepols 10 1 sepols 10 3 wodniw 10 3 wodniw 10 5 10 5 sp sp 10 7 ]51 10 7 ]51 ,5[ ,5[ 10 7 10 5 10 3 10 1 101 10 7 10 5 10 3 10 1 101 Full path slopes [Å2 / ps] [1, 15] ps window slopes [Å2 / ps]_9"", ""]sp ]sp 101 101 / / 2Å[ 2Å[ 10 1 sepols 10 1 sepols 10 3 wodniw 10 3 wodniw 10 5 10 5 sp sp 10 7 ]51 10 7 ]51 ,0[ ,1[ 10 7 10 5 10 3 10 1 101 10 7 10 5 10 3 10 1 101 Full path slopes [Å2 / ps] Full path slopes [Å2 / ps] ]sp ]sp 101 101 / / 2Å[ 2Å[ 10 1 sepols 10 1 sepols 10 3 wodniw 10 3 wodniw 10 5 10 5 sp sp 10 7 ]51 10 7 ]51 ,5[ ,5[ 10 7 10 5 10 3 10 1 101 10 7 10 5 10 3 10 1 101 Full path slopes [Å2 / ps] [1, 15] ps window slopes [Å2 / ps]_10"", ""]sp ]sp 101 101 / / 2Å[ 2Å[ 10 1 sepols 10 1 sepols 10 3 wodniw 10 3 wodniw 10 5 10 5 sp sp 10 7 ]51 10 7 ]51 ,0[ ,1[ 10 7 10 5 10 3 10 1 101 10 7 10 5 10 3 10 1 101 Full path slopes [Å2 / ps] Full path slopes [Å2 / ps] ]sp ]sp 101 101 / / 2Å[ 2Å[ 10 1 sepols 10 1 sepols 10 3 wodniw 10 3 wodniw 10 5 10 5 sp sp 10 7 ]51 10 7 ]51 ,5[ ,5[ 10 7 10 5 10 3 10 1 101 10 7 10 5 10 3 10 1 101 Full path slopes [Å2 / ps] [1, 15] ps window slopes [Å2 / ps]_11"", ""]sp ]sp 101 101 / / 2Å[ 2Å[ 10 1 sepols 10 1 sepols 10 3 wodniw 10 3 wodniw 10 5 10 5 sp sp 10 7 ]51 10 7 ]51 ,0[ ,1[ 10 7 10 5 10 3 10 1 101 10 7 10 5 10 3 10 1 101 Full path slopes [Å2 / ps] Full path slopes [Å2 / ps] ]sp ]sp 101 101 / / 2Å[ 2Å[ 10 1 sepols 10 1 sepols 10 3 wodniw 10 3 wodniw 10 5 10 5 sp sp 10 7 ]51 10 7 ]51 ,5[ ,5[ 10 7 10 5 10 3 10 1 101 10 7 10 5 10 3 10 1 101 Full path slopes [Å2 / ps] [1, 15] ps window slopes [Å2 / ps]_12""]","[{""]sp ]sp 101 101 / / 2Å[ 2Å[ 10 1 sepols 10 1 sepols 10 3 wodniw 10 3 wodniw 10 5 10 5 sp sp 10 7 ]51 10 7 ]51 ,0[ ,1[ 10 7 10 5 10 3 10 1 101 10 7 10 5 10 3 10 1 101 Full path slopes [Å2 / ps] Full path slopes [Å2 / ps] ]sp ]sp 101 101 / / 2Å[ 2Å[ 10 1 sepols 10 1 sepols 10 3 wodniw 10 3 wodniw 10 5 10 5 sp sp 10 7 ]51 10 7 ]51 ,5[ ,5[ 10 7 10 5 10 3 10 1 101 10 7 10 5 10 3 10 1 101 Full path slopes [Å2 / ps] [1, 15] ps window slopes [Å2 / ps]"": """", ""]sp ]sp 101 101 / / 2Å[ 2Å[ 10 1 sepols 10 1 sepols 10 3 wodniw 10 3 wodniw 10 5 10 5 sp sp 10 7 ]51 10 7 ]51 ,0[ ,1[ 10 7 10 5 10 3 10 1 101 10 7 10 5 10 3 10 1 101 Full path slopes [Å2 / ps] Full path slopes [Å2 / ps] ]sp ]sp 101 101 / / 2Å[ 2Å[ 10 1 sepols 10 1 sepols 10 3 wodniw 10 3 wodniw 10 5 10 5 sp sp 10 7 ]51 10 7 ]51 ,5[ ,5[ 10 7 10 5 10 3 10 1 101 10 7 10 5 10 3 10 1 101 Full path slopes [Å2 / ps] [1, 15] ps window slopes [Å2 / ps]_2"": """", ""]sp ]sp 101 101 / / 2Å[ 2Å[ 10 1 sepols 10 1 sepols 10 3 wodniw 10 3 wodniw 10 5 10 5 sp sp 10 7 ]51 10 7 ]51 ,0[ ,1[ 10 7 10 5 10 3 10 1 101 10 7 10 5 10 3 10 1 101 Full path slopes [Å2 / ps] Full path slopes [Å2 / ps] ]sp ]sp 101 101 / / 2Å[ 2Å[ 10 1 sepols 10 1 sepols 10 3 wodniw 10 3 wodniw 10 5 10 5 sp sp 10 7 ]51 10 7 ]51 ,5[ ,5[ 10 7 10 5 10 3 10 1 101 10 7 10 5 10 3 10 1 101 Full path slopes [Å2 / ps] [1, 15] ps window slopes [Å2 / ps]_3"": """", ""]sp ]sp 101 101 / / 2Å[ 2Å[ 10 1 sepols 10 1 sepols 10 3 wodniw 10 3 wodniw 10 5 10 5 sp sp 10 7 ]51 10 7 ]51 ,0[ ,1[ 10 7 10 5 10 3 10 1 101 10 7 10 5 10 3 10 1 101 Full path slopes [Å2 / ps] Full path slopes [Å2 / ps] ]sp ]sp 101 101 / / 2Å[ 2Å[ 10 1 sepols 10 1 sepols 10 3 wodniw 10 3 wodniw 10 5 10 5 sp sp 10 7 ]51 10 7 ]51 ,5[ ,5[ 10 7 10 5 10 3 10 1 101 10 7 10 5 10 3 10 1 101 Full path slopes [Å2 / ps] [1, 15] ps window slopes [Å2 / ps]_4"": """", ""]sp ]sp 101 101 / / 2Å[ 2Å[ 10 1 sepols 10 1 sepols 10 3 wodniw 10 3 wodniw 10 5 10 5 sp sp 10 7 ]51 10 7 ]51 ,0[ ,1[ 10 7 10 5 10 3 10 1 101 10 7 10 5 10 3 10 1 101 Full path slopes [Å2 / ps] Full path slopes [Å2 / ps] ]sp ]sp 101 101 / / 2Å[ 2Å[ 10 1 sepols 10 1 sepols 10 3 wodniw 10 3 wodniw 10 5 10 5 sp sp 10 7 ]51 10 7 ]51 ,5[ ,5[ 10 7 10 5 10 3 10 1 101 10 7 10 5 10 3 10 1 101 Full path slopes [Å2 / ps] [1, 15] ps window slopes [Å2 / ps]_5"": """", ""]sp ]sp 101 101 / / 2Å[ 2Å[ 10 1 sepols 10 1 sepols 10 3 wodniw 10 3 wodniw 10 5 10 5 sp sp 10 7 ]51 10 7 ]51 ,0[ ,1[ 10 7 10 5 10 3 10 1 101 10 7 10 5 10 3 10 1 101 Full path slopes [Å2 / ps] Full path slopes [Å2 / ps] ]sp ]sp 101 101 / / 2Å[ 2Å[ 10 1 sepols 10 1 sepols 10 3 wodniw 10 3 wodniw 10 5 10 5 sp sp 10 7 ]51 10 7 ]51 ,5[ ,5[ 10 7 10 5 10 3 10 1 101 10 7 10 5 10 3 10 1 101 Full path slopes [Å2 / ps] [1, 15] ps window slopes [Å2 / ps]_6"": """", ""]sp ]sp 101 101 / / 2Å[ 2Å[ 10 1 sepols 10 1 sepols 10 3 wodniw 10 3 wodniw 10 5 10 5 sp sp 10 7 ]51 10 7 ]51 ,0[ ,1[ 10 7 10 5 10 3 10 1 101 10 7 10 5 10 3 10 1 101 Full path slopes [Å2 / ps] Full path slopes [Å2 / ps] ]sp ]sp 101 101 / / 2Å[ 2Å[ 10 1 sepols 10 1 sepols 10 3 wodniw 10 3 wodniw 10 5 10 5 sp sp 10 7 ]51 10 7 ]51 ,5[ ,5[ 10 7 10 5 10 3 10 1 101 10 7 10 5 10 3 10 1 101 Full path slopes [Å2 / ps] [1, 15] ps window slopes [Å2 / ps]_7"": """", ""]sp ]sp 101 101 / / 2Å[ 2Å[ 10 1 sepols 10 1 sepols 10 3 wodniw 10 3 wodniw 10 5 10 5 sp sp 10 7 ]51 10 7 ]51 ,0[ ,1[ 10 7 10 5 10 3 10 1 101 10 7 10 5 10 3 10 1 101 Full path slopes [Å2 / ps] Full path slopes [Å2 / ps] ]sp ]sp 101 101 / / 2Å[ 2Å[ 10 1 sepols 10 1 sepols 10 3 wodniw 10 3 wodniw 10 5 10 5 sp sp 10 7 ]51 10 7 ]51 ,5[ ,5[ 10 7 10 5 10 3 10 1 101 10 7 10 5 10 3 10 1 101 Full path slopes [Å2 / ps] [1, 15] ps window slopes [Å2 / ps]_8"": """", ""]sp ]sp 101 101 / / 2Å[ 2Å[ 10 1 sepols 10 1 sepols 10 3 wodniw 10 3 wodniw 10 5 10 5 sp sp 10 7 ]51 10 7 ]51 ,0[ ,1[ 10 7 10 5 10 3 10 1 101 10 7 10 5 10 3 10 1 101 Full path slopes [Å2 / ps] Full path slopes [Å2 / ps] ]sp ]sp 101 101 / / 2Å[ 2Å[ 10 1 sepols 10 1 sepols 10 3 wodniw 10 3 wodniw 10 5 10 5 sp sp 10 7 ]51 10 7 ]51 ,5[ ,5[ 10 7 10 5 10 3 10 1 101 10 7 10 5 10 3 10 1 101 Full path slopes [Å2 / ps] [1, 15] ps window slopes [Å2 / ps]_9"": """", ""]sp ]sp 101 101 / / 2Å[ 2Å[ 10 1 sepols 10 1 sepols 10 3 wodniw 10 3 wodniw 10 5 10 5 sp sp 10 7 ]51 10 7 ]51 ,0[ ,1[ 10 7 10 5 10 3 10 1 101 10 7 10 5 10 3 10 1 101 Full path slopes [Å2 / ps] Full path slopes [Å2 / ps] ]sp ]sp 101 101 / / 2Å[ 2Å[ 10 1 sepols 10 1 sepols 10 3 wodniw 10 3 wodniw 10 5 10 5 sp sp 10 7 ]51 10 7 ]51 ,5[ ,5[ 10 7 10 5 10 3 10 1 101 10 7 10 5 10 3 10 1 101 Full path slopes [Å2 / ps] [1, 15] ps window slopes [Å2 / ps]_10"": ""1"", ""]sp ]sp 101 101 / / 2Å[ 2Å[ 10 1 sepols 10 1 sepols 10 3 wodniw 10 3 wodniw 10 5 10 5 sp sp 10 7 ]51 10 7 ]51 ,0[ ,1[ 10 7 10 5 10 3 10 1 101 10 7 10 5 10 3 10 1 101 Full path slopes [Å2 / ps] Full path slopes [Å2 / ps] ]sp ]sp 101 101 / / 2Å[ 2Å[ 10 1 sepols 10 1 sepols 10 3 wodniw 10 3 wodniw 10 5 10 5 sp sp 10 7 ]51 10 7 ]51 ,5[ ,5[ 10 7 10 5 10 3 10 1 101 10 7 10 5 10 3 10 1 101 Full path slopes [Å2 / ps] [1, 15] ps window slopes [Å2 / ps]_11"": ""0 7 10 5 10 3 10 Full path slopes [Å2"", ""]sp ]sp 101 101 / / 2Å[ 2Å[ 10 1 sepols 10 1 sepols 10 3 wodniw 10 3 wodniw 10 5 10 5 sp sp 10 7 ]51 10 7 ]51 ,0[ ,1[ 10 7 10 5 10 3 10 1 101 10 7 10 5 10 3 10 1 101 Full path slopes [Å2 / ps] Full path slopes [Å2 / ps] ]sp ]sp 101 101 / / 2Å[ 2Å[ 10 1 sepols 10 1 sepols 10 3 wodniw 10 3 wodniw 10 5 10 5 sp sp 10 7 ]51 10 7 ]51 ,5[ ,5[ 10 7 10 5 10 3 10 1 101 10 7 10 5 10 3 10 1 101 Full path slopes [Å2 / ps] [1, 15] ps window slopes [Å2 / ps]_12"": """"}, {""]sp ]sp 101 101 / / 2Å[ 2Å[ 10 1 sepols 10 1 sepols 10 3 wodniw 10 3 wodniw 10 5 10 5 sp sp 10 7 ]51 10 7 ]51 ,0[ ,1[ 10 7 10 5 10 3 10 1 101 10 7 10 5 10 3 10 1 101 Full path slopes [Å2 / ps] Full path slopes [Å2 / ps] ]sp ]sp 101 101 / / 2Å[ 2Å[ 10 1 sepols 10 1 sepols 10 3 wodniw 10 3 wodniw 10 5 10 5 sp sp 10 7 ]51 10 7 ]51 ,5[ ,5[ 10 7 10 5 10 3 10 1 101 10 7 10 5 10 3 10 1 101 Full path slopes [Å2 / ps] [1, 15] ps window slopes [Å2 / ps]"": ""[ 10 1 sepols 3"", ""]sp ]sp 101 101 / / 2Å[ 2Å[ 10 1 sepols 10 1 sepols 10 3 wodniw 10 3 wodniw 10 5 10 5 sp sp 10 7 ]51 10 7 ]51 ,0[ ,1[ 10 7 10 5 10 3 10 1 101 10 7 10 5 10 3 10 1 101 Full path slopes [Å2 / ps] Full path slopes [Å2 / ps] ]sp ]sp 101 101 / / 2Å[ 2Å[ 10 1 sepols 10 1 sepols 10 3 wodniw 10 3 wodniw 10 5 10 5 sp sp 10 7 ]51 10 7 ]51 ,5[ ,5[ 10 7 10 5 10 3 10 1 101 10 7 10 5 10 3 10 1 101 Full path slopes [Å2 / ps] [1, 15] ps window slopes [Å2 / ps]_2"": """", ""]sp ]sp 101 101 / / 2Å[ 2Å[ 10 1 sepols 10 1 sepols 10 3 wodniw 10 3 wodniw 10 5 10 5 sp sp 10 7 ]51 10 7 ]51 ,0[ ,1[ 10 7 10 5 10 3 10 1 101 10 7 10 5 10 3 10 1 101 Full path slopes [Å2 / ps] Full path slopes [Å2 / ps] ]sp ]sp 101 101 / / 2Å[ 2Å[ 10 1 sepols 10 1 sepols 10 3 wodniw 10 3 wodniw 10 5 10 5 sp sp 10 7 ]51 10 7 ]51 ,5[ ,5[ 10 7 10 5 10 3 10 1 101 10 7 10 5 10 3 10 1 101 Full path slopes [Å2 / ps] [1, 15] ps window slopes [Å2 / ps]_3"": """", ""]sp ]sp 101 101 / / 2Å[ 2Å[ 10 1 sepols 10 1 sepols 10 3 wodniw 10 3 wodniw 10 5 10 5 sp sp 10 7 ]51 10 7 ]51 ,0[ ,1[ 10 7 10 5 10 3 10 1 101 10 7 10 5 10 3 10 1 101 Full path slopes [Å2 / ps] Full path slopes [Å2 / ps] ]sp ]sp 101 101 / / 2Å[ 2Å[ 10 1 sepols 10 1 sepols 10 3 wodniw 10 3 wodniw 10 5 10 5 sp sp 10 7 ]51 10 7 ]51 ,5[ ,5[ 10 7 10 5 10 3 10 1 101 10 7 10 5 10 3 10 1 101 Full path slopes [Å2 / ps] [1, 15] ps window slopes [Å2 / ps]_4"": """", ""]sp ]sp 101 101 / / 2Å[ 2Å[ 10 1 sepols 10 1 sepols 10 3 wodniw 10 3 wodniw 10 5 10 5 sp sp 10 7 ]51 10 7 ]51 ,0[ ,1[ 10 7 10 5 10 3 10 1 101 10 7 10 5 10 3 10 1 101 Full path slopes [Å2 / ps] Full path slopes [Å2 / ps] ]sp ]sp 101 101 / / 2Å[ 2Å[ 10 1 sepols 10 1 sepols 10 3 wodniw 10 3 wodniw 10 5 10 5 sp sp 10 7 ]51 10 7 ]51 ,5[ ,5[ 10 7 10 5 10 3 10 1 101 10 7 10 5 10 3 10 1 101 Full path slopes [Å2 / ps] [1, 15] ps window slopes [Å2 / ps]_5"": """", ""]sp ]sp 101 101 / / 2Å[ 2Å[ 10 1 sepols 10 1 sepols 10 3 wodniw 10 3 wodniw 10 5 10 5 sp sp 10 7 ]51 10 7 ]51 ,0[ ,1[ 10 7 10 5 10 3 10 1 101 10 7 10 5 10 3 10 1 101 Full path slopes [Å2 / ps] Full path slopes [Å2 / ps] ]sp ]sp 101 101 / / 2Å[ 2Å[ 10 1 sepols 10 1 sepols 10 3 wodniw 10 3 wodniw 10 5 10 5 sp sp 10 7 ]51 10 7 ]51 ,5[ ,5[ 10 7 10 5 10 3 10 1 101 10 7 10 5 10 3 10 1 101 Full path slopes [Å2 / ps] [1, 15] ps window slopes [Å2 / ps]_6"": """", ""]sp ]sp 101 101 / / 2Å[ 2Å[ 10 1 sepols 10 1 sepols 10 3 wodniw 10 3 wodniw 10 5 10 5 sp sp 10 7 ]51 10 7 ]51 ,0[ ,1[ 10 7 10 5 10 3 10 1 101 10 7 10 5 10 3 10 1 101 Full path slopes [Å2 / ps] Full path slopes [Å2 / ps] ]sp ]sp 101 101 / / 2Å[ 2Å[ 10 1 sepols 10 1 sepols 10 3 wodniw 10 3 wodniw 10 5 10 5 sp sp 10 7 ]51 10 7 ]51 ,5[ ,5[ 10 7 10 5 10 3 10 1 101 10 7 10 5 10 3 10 1 101 Full path slopes [Å2 / ps] [1, 15] ps window slopes [Å2 / ps]_7"": """", ""]sp ]sp 101 101 / / 2Å[ 2Å[ 10 1 sepols 10 1 sepols 10 3 wodniw 10 3 wodniw 10 5 10 5 sp sp 10 7 ]51 10 7 ]51 ,0[ ,1[ 10 7 10 5 10 3 10 1 101 10 7 10 5 10 3 10 1 101 Full path slopes [Å2 / ps] Full path slopes [Å2 / ps] ]sp ]sp 101 101 / / 2Å[ 2Å[ 10 1 sepols 10 1 sepols 10 3 wodniw 10 3 wodniw 10 5 10 5 sp sp 10 7 ]51 10 7 ]51 ,5[ ,5[ 10 7 10 5 10 3 10 1 101 10 7 10 5 10 3 10 1 101 Full path slopes [Å2 / ps] [1, 15] ps window slopes [Å2 / ps]_8"": ""[ 10 1 sepols 3"", ""]sp ]sp 101 101 / / 2Å[ 2Å[ 10 1 sepols 10 1 sepols 10 3 wodniw 10 3 wodniw 10 5 10 5 sp sp 10 7 ]51 10 7 ]51 ,0[ ,1[ 10 7 10 5 10 3 10 1 101 10 7 10 5 10 3 10 1 101 Full path slopes [Å2 / ps] Full path slopes [Å2 / ps] ]sp ]sp 101 101 / / 2Å[ 2Å[ 10 1 sepols 10 1 sepols 10 3 wodniw 10 3 wodniw 10 5 10 5 sp sp 10 7 ]51 10 7 ]51 ,5[ ,5[ 10 7 10 5 10 3 10 1 101 10 7 10 5 10 3 10 1 101 Full path slopes [Å2 / ps] [1, 15] ps window slopes [Å2 / ps]_9"": """", ""]sp ]sp 101 101 / / 2Å[ 2Å[ 10 1 sepols 10 1 sepols 10 3 wodniw 10 3 wodniw 10 5 10 5 sp sp 10 7 ]51 10 7 ]51 ,0[ ,1[ 10 7 10 5 10 3 10 1 101 10 7 10 5 10 3 10 1 101 Full path slopes [Å2 / ps] Full path slopes [Å2 / ps] ]sp ]sp 101 101 / / 2Å[ 2Å[ 10 1 sepols 10 1 sepols 10 3 wodniw 10 3 wodniw 10 5 10 5 sp sp 10 7 ]51 10 7 ]51 ,5[ ,5[ 10 7 10 5 10 3 10 1 101 10 7 10 5 10 3 10 1 101 Full path slopes [Å2 / ps] [1, 15] ps window slopes [Å2 / ps]_10"": """", ""]sp ]sp 101 101 / / 2Å[ 2Å[ 10 1 sepols 10 1 sepols 10 3 wodniw 10 3 wodniw 10 5 10 5 sp sp 10 7 ]51 10 7 ]51 ,0[ ,1[ 10 7 10 5 10 3 10 1 101 10 7 10 5 10 3 10 1 101 Full path slopes [Å2 / ps] Full path slopes [Å2 / ps] ]sp ]sp 101 101 / / 2Å[ 2Å[ 10 1 sepols 10 1 sepols 10 3 wodniw 10 3 wodniw 10 5 10 5 sp sp 10 7 ]51 10 7 ]51 ,5[ ,5[ 10 7 10 5 10 3 10 1 101 10 7 10 5 10 3 10 1 101 Full path slopes [Å2 / ps] [1, 15] ps window slopes [Å2 / ps]_11"": """", ""]sp ]sp 101 101 / / 2Å[ 2Å[ 10 1 sepols 10 1 sepols 10 3 wodniw 10 3 wodniw 10 5 10 5 sp sp 10 7 ]51 10 7 ]51 ,0[ ,1[ 10 7 10 5 10 3 10 1 101 10 7 10 5 10 3 10 1 101 Full path slopes [Å2 / ps] Full path slopes [Å2 / ps] ]sp ]sp 101 101 / / 2Å[ 2Å[ 10 1 sepols 10 1 sepols 10 3 wodniw 10 3 wodniw 10 5 10 5 sp sp 10 7 ]51 10 7 ]51 ,5[ ,5[ 10 7 10 5 10 3 10 1 101 10 7 10 5 10 3 10 1 101 Full path slopes [Å2 / ps] [1, 15] ps window slopes [Å2 / ps]_12"": """"}, {""]sp ]sp 101 101 / / 2Å[ 2Å[ 10 1 sepols 10 1 sepols 10 3 wodniw 10 3 wodniw 10 5 10 5 sp sp 10 7 ]51 10 7 ]51 ,0[ ,1[ 10 7 10 5 10 3 10 1 101 10 7 10 5 10 3 10 1 101 Full path slopes [Å2 / ps] Full path slopes [Å2 / ps] ]sp ]sp 101 101 / / 2Å[ 2Å[ 10 1 sepols 10 1 sepols 10 3 wodniw 10 3 wodniw 10 5 10 5 sp sp 10 7 ]51 10 7 ]51 ,5[ ,5[ 10 7 10 5 10 3 10 1 101 10 7 10 5 10 3 10 1 101 Full path slopes [Å2 / ps] [1, 15] ps window slopes [Å2 / ps]"": ""10 wod"", ""]sp ]sp 101 101 / / 2Å[ 2Å[ 10 1 sepols 10 1 sepols 10 3 wodniw 10 3 wodniw 10 5 10 5 sp sp 10 7 ]51 10 7 ]51 ,0[ ,1[ 10 7 10 5 10 3 10 1 101 10 7 10 5 10 3 10 1 101 Full path slopes [Å2 / ps] Full path slopes [Å2 / ps] ]sp ]sp 101 101 / / 2Å[ 2Å[ 10 1 sepols 10 1 sepols 10 3 wodniw 10 3 wodniw 10 5 10 5 sp sp 10 7 ]51 10 7 ]51 ,5[ ,5[ 10 7 10 5 10 3 10 1 101 10 7 10 5 10 3 10 1 101 Full path slopes [Å2 / ps] [1, 15] ps window slopes [Å2 / ps]_2"": """", ""]sp ]sp 101 101 / / 2Å[ 2Å[ 10 1 sepols 10 1 sepols 10 3 wodniw 10 3 wodniw 10 5 10 5 sp sp 10 7 ]51 10 7 ]51 ,0[ ,1[ 10 7 10 5 10 3 10 1 101 10 7 10 5 10 3 10 1 101 Full path slopes [Å2 / ps] Full path slopes [Å2 / ps] ]sp ]sp 101 101 / / 2Å[ 2Å[ 10 1 sepols 10 1 sepols 10 3 wodniw 10 3 wodniw 10 5 10 5 sp sp 10 7 ]51 10 7 ]51 ,5[ ,5[ 10 7 10 5 10 3 10 1 101 10 7 10 5 10 3 10 1 101 Full path slopes [Å2 / ps] [1, 15] ps window slopes [Å2 / ps]_3"": """", ""]sp ]sp 101 101 / / 2Å[ 2Å[ 10 1 sepols 10 1 sepols 10 3 wodniw 10 3 wodniw 10 5 10 5 sp sp 10 7 ]51 10 7 ]51 ,0[ ,1[ 10 7 10 5 10 3 10 1 101 10 7 10 5 10 3 10 1 101 Full path slopes [Å2 / ps] Full path slopes [Å2 / ps] ]sp ]sp 101 101 / / 2Å[ 2Å[ 10 1 sepols 10 1 sepols 10 3 wodniw 10 3 wodniw 10 5 10 5 sp sp 10 7 ]51 10 7 ]51 ,5[ ,5[ 10 7 10 5 10 3 10 1 101 10 7 10 5 10 3 10 1 101 Full path slopes [Å2 / ps] [1, 15] ps window slopes [Å2 / ps]_4"": """", ""]sp ]sp 101 101 / / 2Å[ 2Å[ 10 1 sepols 10 1 sepols 10 3 wodniw 10 3 wodniw 10 5 10 5 sp sp 10 7 ]51 10 7 ]51 ,0[ ,1[ 10 7 10 5 10 3 10 1 101 10 7 10 5 10 3 10 1 101 Full path slopes [Å2 / ps] Full path slopes [Å2 / ps] ]sp ]sp 101 101 / / 2Å[ 2Å[ 10 1 sepols 10 1 sepols 10 3 wodniw 10 3 wodniw 10 5 10 5 sp sp 10 7 ]51 10 7 ]51 ,5[ ,5[ 10 7 10 5 10 3 10 1 101 10 7 10 5 10 3 10 1 101 Full path slopes [Å2 / ps] [1, 15] ps window slopes [Å2 / ps]_5"": """", ""]sp ]sp 101 101 / / 2Å[ 2Å[ 10 1 sepols 10 1 sepols 10 3 wodniw 10 3 wodniw 10 5 10 5 sp sp 10 7 ]51 10 7 ]51 ,0[ ,1[ 10 7 10 5 10 3 10 1 101 10 7 10 5 10 3 10 1 101 Full path slopes [Å2 / ps] Full path slopes [Å2 / ps] ]sp ]sp 101 101 / / 2Å[ 2Å[ 10 1 sepols 10 1 sepols 10 3 wodniw 10 3 wodniw 10 5 10 5 sp sp 10 7 ]51 10 7 ]51 ,5[ ,5[ 10 7 10 5 10 3 10 1 101 10 7 10 5 10 3 10 1 101 Full path slopes [Å2 / ps] [1, 15] ps window slopes [Å2 / ps]_6"": """", ""]sp ]sp 101 101 / / 2Å[ 2Å[ 10 1 sepols 10 1 sepols 10 3 wodniw 10 3 wodniw 10 5 10 5 sp sp 10 7 ]51 10 7 ]51 ,0[ ,1[ 10 7 10 5 10 3 10 1 101 10 7 10 5 10 3 10 1 101 Full path slopes [Å2 / ps] Full path slopes [Å2 / ps] ]sp ]sp 101 101 / / 2Å[ 2Å[ 10 1 sepols 10 1 sepols 10 3 wodniw 10 3 wodniw 10 5 10 5 sp sp 10 7 ]51 10 7 ]51 ,5[ ,5[ 10 7 10 5 10 3 10 1 101 10 7 10 5 10 3 10 1 101 Full path slopes [Å2 / ps] [1, 15] ps window slopes [Å2 / ps]_7"": """", ""]sp ]sp 101 101 / / 2Å[ 2Å[ 10 1 sepols 10 1 sepols 10 3 wodniw 10 3 wodniw 10 5 10 5 sp sp 10 7 ]51 10 7 ]51 ,0[ ,1[ 10 7 10 5 10 3 10 1 101 10 7 10 5 10 3 10 1 101 Full path slopes [Å2 / ps] Full path slopes [Å2 / ps] ]sp ]sp 101 101 / / 2Å[ 2Å[ 10 1 sepols 10 1 sepols 10 3 wodniw 10 3 wodniw 10 5 10 5 sp sp 10 7 ]51 10 7 ]51 ,5[ ,5[ 10 7 10 5 10 3 10 1 101 10 7 10 5 10 3 10 1 101 Full path slopes [Å2 / ps] [1, 15] ps window slopes [Å2 / ps]_8"": ""10 wod"", ""]sp ]sp 101 101 / / 2Å[ 2Å[ 10 1 sepols 10 1 sepols 10 3 wodniw 10 3 wodniw 10 5 10 5 sp sp 10 7 ]51 10 7 ]51 ,0[ ,1[ 10 7 10 5 10 3 10 1 101 10 7 10 5 10 3 10 1 101 Full path slopes [Å2 / ps] Full path slopes [Å2 / ps] ]sp ]sp 101 101 / / 2Å[ 2Å[ 10 1 sepols 10 1 sepols 10 3 wodniw 10 3 wodniw 10 5 10 5 sp sp 10 7 ]51 10 7 ]51 ,5[ ,5[ 10 7 10 5 10 3 10 1 101 10 7 10 5 10 3 10 1 101 Full path slopes [Å2 / ps] [1, 15] ps window slopes [Å2 / ps]_9"": """", ""]sp ]sp 101 101 / / 2Å[ 2Å[ 10 1 sepols 10 1 sepols 10 3 wodniw 10 3 wodniw 10 5 10 5 sp sp 10 7 ]51 10 7 ]51 ,0[ ,1[ 10 7 10 5 10 3 10 1 101 10 7 10 5 10 3 10 1 101 Full path slopes [Å2 / ps] Full path slopes [Å2 / ps] ]sp ]sp 101 101 / / 2Å[ 2Å[ 10 1 sepols 10 1 sepols 10 3 wodniw 10 3 wodniw 10 5 10 5 sp sp 10 7 ]51 10 7 ]51 ,5[ ,5[ 10 7 10 5 10 3 10 1 101 10 7 10 5 10 3 10 1 101 Full path slopes [Å2 / ps] [1, 15] ps window slopes [Å2 / ps]_10"": """", ""]sp ]sp 101 101 / / 2Å[ 2Å[ 10 1 sepols 10 1 sepols 10 3 wodniw 10 3 wodniw 10 5 10 5 sp sp 10 7 ]51 10 7 ]51 ,0[ ,1[ 10 7 10 5 10 3 10 1 101 10 7 10 5 10 3 10 1 101 Full path slopes [Å2 / ps] Full path slopes [Å2 / ps] ]sp ]sp 101 101 / / 2Å[ 2Å[ 10 1 sepols 10 1 sepols 10 3 wodniw 10 3 wodniw 10 5 10 5 sp sp 10 7 ]51 10 7 ]51 ,5[ ,5[ 10 7 10 5 10 3 10 1 101 10 7 10 5 10 3 10 1 101 Full path slopes [Å2 / ps] [1, 15] ps window slopes [Å2 / ps]_11"": """", ""]sp ]sp 101 101 / / 2Å[ 2Å[ 10 1 sepols 10 1 sepols 10 3 wodniw 10 3 wodniw 10 5 10 5 sp sp 10 7 ]51 10 7 ]51 ,0[ ,1[ 10 7 10 5 10 3 10 1 101 10 7 10 5 10 3 10 1 101 Full path slopes [Å2 / ps] Full path slopes [Å2 / ps] ]sp ]sp 101 101 / / 2Å[ 2Å[ 10 1 sepols 10 1 sepols 10 3 wodniw 10 3 wodniw 10 5 10 5 sp sp 10 7 ]51 10 7 ]51 ,5[ ,5[ 10 7 10 5 10 3 10 1 101 10 7 10 5 10 3 10 1 101 Full path slopes [Å2 / ps] [1, 15] ps window slopes [Å2 / ps]_12"": """"}, {""]sp ]sp 101 101 / / 2Å[ 2Å[ 10 1 sepols 10 1 sepols 10 3 wodniw 10 3 wodniw 10 5 10 5 sp sp 10 7 ]51 10 7 ]51 ,0[ ,1[ 10 7 10 5 10 3 10 1 101 10 7 10 5 10 3 10 1 101 Full path slopes [Å2 / ps] Full path slopes [Å2 / ps] ]sp ]sp 101 101 / / 2Å[ 2Å[ 10 1 sepols 10 1 sepols 10 3 wodniw 10 3 wodniw 10 5 10 5 sp sp 10 7 ]51 10 7 ]51 ,5[ ,5[ 10 7 10 5 10 3 10 1 101 10 7 10 5 10 3 10 1 101 Full path slopes [Å2 / ps] [1, 15] ps window slopes [Å2 / ps]"": ""ni"", ""]sp ]sp 101 101 / / 2Å[ 2Å[ 10 1 sepols 10 1 sepols 10 3 wodniw 10 3 wodniw 10 5 10 5 sp sp 10 7 ]51 10 7 ]51 ,0[ ,1[ 10 7 10 5 10 3 10 1 101 10 7 10 5 10 3 10 1 101 Full path slopes [Å2 / ps] Full path slopes [Å2 / ps] ]sp ]sp 101 101 / / 2Å[ 2Å[ 10 1 sepols 10 1 sepols 10 3 wodniw 10 3 wodniw 10 5 10 5 sp sp 10 7 ]51 10 7 ]51 ,5[ ,5[ 10 7 10 5 10 3 10 1 101 10 7 10 5 10 3 10 1 101 Full path slopes [Å2 / ps] [1, 15] ps window slopes [Å2 / ps]_2"": """", ""]sp ]sp 101 101 / / 2Å[ 2Å[ 10 1 sepols 10 1 sepols 10 3 wodniw 10 3 wodniw 10 5 10 5 sp sp 10 7 ]51 10 7 ]51 ,0[ ,1[ 10 7 10 5 10 3 10 1 101 10 7 10 5 10 3 10 1 101 Full path slopes [Å2 / ps] Full path slopes [Å2 / ps] ]sp ]sp 101 101 / / 2Å[ 2Å[ 10 1 sepols 10 1 sepols 10 3 wodniw 10 3 wodniw 10 5 10 5 sp sp 10 7 ]51 10 7 ]51 ,5[ ,5[ 10 7 10 5 10 3 10 1 101 10 7 10 5 10 3 10 1 101 Full path slopes [Å2 / ps] [1, 15] ps window slopes [Å2 / ps]_3"": """", ""]sp ]sp 101 101 / / 2Å[ 2Å[ 10 1 sepols 10 1 sepols 10 3 wodniw 10 3 wodniw 10 5 10 5 sp sp 10 7 ]51 10 7 ]51 ,0[ ,1[ 10 7 10 5 10 3 10 1 101 10 7 10 5 10 3 10 1 101 Full path slopes [Å2 / ps] Full path slopes [Å2 / ps] ]sp ]sp 101 101 / / 2Å[ 2Å[ 10 1 sepols 10 1 sepols 10 3 wodniw 10 3 wodniw 10 5 10 5 sp sp 10 7 ]51 10 7 ]51 ,5[ ,5[ 10 7 10 5 10 3 10 1 101 10 7 10 5 10 3 10 1 101 Full path slopes [Å2 / ps] [1, 15] ps window slopes [Å2 / ps]_4"": """", ""]sp ]sp 101 101 / / 2Å[ 2Å[ 10 1 sepols 10 1 sepols 10 3 wodniw 10 3 wodniw 10 5 10 5 sp sp 10 7 ]51 10 7 ]51 ,0[ ,1[ 10 7 10 5 10 3 10 1 101 10 7 10 5 10 3 10 1 101 Full path slopes [Å2 / ps] Full path slopes [Å2 / ps] ]sp ]sp 101 101 / / 2Å[ 2Å[ 10 1 sepols 10 1 sepols 10 3 wodniw 10 3 wodniw 10 5 10 5 sp sp 10 7 ]51 10 7 ]51 ,5[ ,5[ 10 7 10 5 10 3 10 1 101 10 7 10 5 10 3 10 1 101 Full path slopes [Å2 / ps] [1, 15] ps window slopes [Å2 / ps]_5"": """", ""]sp ]sp 101 101 / / 2Å[ 2Å[ 10 1 sepols 10 1 sepols 10 3 wodniw 10 3 wodniw 10 5 10 5 sp sp 10 7 ]51 10 7 ]51 ,0[ ,1[ 10 7 10 5 10 3 10 1 101 10 7 10 5 10 3 10 1 101 Full path slopes [Å2 / ps] Full path slopes [Å2 / ps] ]sp ]sp 101 101 / / 2Å[ 2Å[ 10 1 sepols 10 1 sepols 10 3 wodniw 10 3 wodniw 10 5 10 5 sp sp 10 7 ]51 10 7 ]51 ,5[ ,5[ 10 7 10 5 10 3 10 1 101 10 7 10 5 10 3 10 1 101 Full path slopes [Å2 / ps] [1, 15] ps window slopes [Å2 / ps]_6"": """", ""]sp ]sp 101 101 / / 2Å[ 2Å[ 10 1 sepols 10 1 sepols 10 3 wodniw 10 3 wodniw 10 5 10 5 sp sp 10 7 ]51 10 7 ]51 ,0[ ,1[ 10 7 10 5 10 3 10 1 101 10 7 10 5 10 3 10 1 101 Full path slopes [Å2 / ps] Full path slopes [Å2 / ps] ]sp ]sp 101 101 / / 2Å[ 2Å[ 10 1 sepols 10 1 sepols 10 3 wodniw 10 3 wodniw 10 5 10 5 sp sp 10 7 ]51 10 7 ]51 ,5[ ,5[ 10 7 10 5 10 3 10 1 101 10 7 10 5 10 3 10 1 101 Full path slopes [Å2 / ps] [1, 15] ps window slopes [Å2 / ps]_7"": """", ""]sp ]sp 101 101 / / 2Å[ 2Å[ 10 1 sepols 10 1 sepols 10 3 wodniw 10 3 wodniw 10 5 10 5 sp sp 10 7 ]51 10 7 ]51 ,0[ ,1[ 10 7 10 5 10 3 10 1 101 10 7 10 5 10 3 10 1 101 Full path slopes [Å2 / ps] Full path slopes [Å2 / ps] ]sp ]sp 101 101 / / 2Å[ 2Å[ 10 1 sepols 10 1 sepols 10 3 wodniw 10 3 wodniw 10 5 10 5 sp sp 10 7 ]51 10 7 ]51 ,5[ ,5[ 10 7 10 5 10 3 10 1 101 10 7 10 5 10 3 10 1 101 Full path slopes [Å2 / ps] [1, 15] ps window slopes [Å2 / ps]_8"": ""ni"", ""]sp ]sp 101 101 / / 2Å[ 2Å[ 10 1 sepols 10 1 sepols 10 3 wodniw 10 3 wodniw 10 5 10 5 sp sp 10 7 ]51 10 7 ]51 ,0[ ,1[ 10 7 10 5 10 3 10 1 101 10 7 10 5 10 3 10 1 101 Full path slopes [Å2 / ps] Full path slopes [Å2 / ps] ]sp ]sp 101 101 / / 2Å[ 2Å[ 10 1 sepols 10 1 sepols 10 3 wodniw 10 3 wodniw 10 5 10 5 sp sp 10 7 ]51 10 7 ]51 ,5[ ,5[ 10 7 10 5 10 3 10 1 101 10 7 10 5 10 3 10 1 101 Full path slopes [Å2 / ps] [1, 15] ps window slopes [Å2 / ps]_9"": """", ""]sp ]sp 101 101 / / 2Å[ 2Å[ 10 1 sepols 10 1 sepols 10 3 wodniw 10 3 wodniw 10 5 10 5 sp sp 10 7 ]51 10 7 ]51 ,0[ ,1[ 10 7 10 5 10 3 10 1 101 10 7 10 5 10 3 10 1 101 Full path slopes [Å2 / ps] Full path slopes [Å2 / ps] ]sp ]sp 101 101 / / 2Å[ 2Å[ 10 1 sepols 10 1 sepols 10 3 wodniw 10 3 wodniw 10 5 10 5 sp sp 10 7 ]51 10 7 ]51 ,5[ ,5[ 10 7 10 5 10 3 10 1 101 10 7 10 5 10 3 10 1 101 Full path slopes [Å2 / ps] [1, 15] ps window slopes [Å2 / ps]_10"": """", ""]sp ]sp 101 101 / / 2Å[ 2Å[ 10 1 sepols 10 1 sepols 10 3 wodniw 10 3 wodniw 10 5 10 5 sp sp 10 7 ]51 10 7 ]51 ,0[ ,1[ 10 7 10 5 10 3 10 1 101 10 7 10 5 10 3 10 1 101 Full path slopes [Å2 / ps] Full path slopes [Å2 / ps] ]sp ]sp 101 101 / / 2Å[ 2Å[ 10 1 sepols 10 1 sepols 10 3 wodniw 10 3 wodniw 10 5 10 5 sp sp 10 7 ]51 10 7 ]51 ,5[ ,5[ 10 7 10 5 10 3 10 1 101 10 7 10 5 10 3 10 1 101 Full path slopes [Å2 / ps] [1, 15] ps window slopes [Å2 / ps]_11"": """", ""]sp ]sp 101 101 / / 2Å[ 2Å[ 10 1 sepols 10 1 sepols 10 3 wodniw 10 3 wodniw 10 5 10 5 sp sp 10 7 ]51 10 7 ]51 ,0[ ,1[ 10 7 10 5 10 3 10 1 101 10 7 10 5 10 3 10 1 101 Full path slopes [Å2 / ps] Full path slopes [Å2 / ps] ]sp ]sp 101 101 / / 2Å[ 2Å[ 10 1 sepols 10 1 sepols 10 3 wodniw 10 3 wodniw 10 5 10 5 sp sp 10 7 ]51 10 7 ]51 ,5[ ,5[ 10 7 10 5 10 3 10 1 101 10 7 10 5 10 3 10 1 101 Full path slopes [Å2 / ps] [1, 15] ps window slopes [Å2 / ps]_12"": """"}, {""]sp ]sp 101 101 / / 2Å[ 2Å[ 10 1 sepols 10 1 sepols 10 3 wodniw 10 3 wodniw 10 5 10 5 sp sp 10 7 ]51 10 7 ]51 ,0[ ,1[ 10 7 10 5 10 3 10 1 101 10 7 10 5 10 3 10 1 101 Full path slopes [Å2 / ps] Full path slopes [Å2 / ps] ]sp ]sp 101 101 / / 2Å[ 2Å[ 10 1 sepols 10 1 sepols 10 3 wodniw 10 3 wodniw 10 5 10 5 sp sp 10 7 ]51 10 7 ]51 ,5[ ,5[ 10 7 10 5 10 3 10 1 101 10 7 10 5 10 3 10 1 101 Full path slopes [Å2 / ps] [1, 15] ps window slopes [Å2 / ps]"": ""10 5 w sp 10 7 ]51 ,"", ""]sp ]sp 101 101 / / 2Å[ 2Å[ 10 1 sepols 10 1 sepols 10 3 wodniw 10 3 wodniw 10 5 10 5 sp sp 10 7 ]51 10 7 ]51 ,0[ ,1[ 10 7 10 5 10 3 10 1 101 10 7 10 5 10 3 10 1 101 Full path slopes [Å2 / ps] Full path slopes [Å2 / ps] ]sp ]sp 101 101 / / 2Å[ 2Å[ 10 1 sepols 10 1 sepols 10 3 wodniw 10 3 wodniw 10 5 10 5 sp sp 10 7 ]51 10 7 ]51 ,5[ ,5[ 10 7 10 5 10 3 10 1 101 10 7 10 5 10 3 10 1 101 Full path slopes [Å2 / ps] [1, 15] ps window slopes [Å2 / ps]_2"": """", ""]sp ]sp 101 101 / / 2Å[ 2Å[ 10 1 sepols 10 1 sepols 10 3 wodniw 10 3 wodniw 10 5 10 5 sp sp 10 7 ]51 10 7 ]51 ,0[ ,1[ 10 7 10 5 10 3 10 1 101 10 7 10 5 10 3 10 1 101 Full path slopes [Å2 / ps] Full path slopes [Å2 / ps] ]sp ]sp 101 101 / / 2Å[ 2Å[ 10 1 sepols 10 1 sepols 10 3 wodniw 10 3 wodniw 10 5 10 5 sp sp 10 7 ]51 10 7 ]51 ,5[ ,5[ 10 7 10 5 10 3 10 1 101 10 7 10 5 10 3 10 1 101 Full path slopes [Å2 / ps] [1, 15] ps window slopes [Å2 / ps]_3"": """", ""]sp ]sp 101 101 / / 2Å[ 2Å[ 10 1 sepols 10 1 sepols 10 3 wodniw 10 3 wodniw 10 5 10 5 sp sp 10 7 ]51 10 7 ]51 ,0[ ,1[ 10 7 10 5 10 3 10 1 101 10 7 10 5 10 3 10 1 101 Full path slopes [Å2 / ps] Full path slopes [Å2 / ps] ]sp ]sp 101 101 / / 2Å[ 2Å[ 10 1 sepols 10 1 sepols 10 3 wodniw 10 3 wodniw 10 5 10 5 sp sp 10 7 ]51 10 7 ]51 ,5[ ,5[ 10 7 10 5 10 3 10 1 101 10 7 10 5 10 3 10 1 101 Full path slopes [Å2 / ps] [1, 15] ps window slopes [Å2 / ps]_4"": """", ""]sp ]sp 101 101 / / 2Å[ 2Å[ 10 1 sepols 10 1 sepols 10 3 wodniw 10 3 wodniw 10 5 10 5 sp sp 10 7 ]51 10 7 ]51 ,0[ ,1[ 10 7 10 5 10 3 10 1 101 10 7 10 5 10 3 10 1 101 Full path slopes [Å2 / ps] Full path slopes [Å2 / ps] ]sp ]sp 101 101 / / 2Å[ 2Å[ 10 1 sepols 10 1 sepols 10 3 wodniw 10 3 wodniw 10 5 10 5 sp sp 10 7 ]51 10 7 ]51 ,5[ ,5[ 10 7 10 5 10 3 10 1 101 10 7 10 5 10 3 10 1 101 Full path slopes [Å2 / ps] [1, 15] ps window slopes [Å2 / ps]_5"": """", ""]sp ]sp 101 101 / / 2Å[ 2Å[ 10 1 sepols 10 1 sepols 10 3 wodniw 10 3 wodniw 10 5 10 5 sp sp 10 7 ]51 10 7 ]51 ,0[ ,1[ 10 7 10 5 10 3 10 1 101 10 7 10 5 10 3 10 1 101 Full path slopes [Å2 / ps] Full path slopes [Å2 / ps] ]sp ]sp 101 101 / / 2Å[ 2Å[ 10 1 sepols 10 1 sepols 10 3 wodniw 10 3 wodniw 10 5 10 5 sp sp 10 7 ]51 10 7 ]51 ,5[ ,5[ 10 7 10 5 10 3 10 1 101 10 7 10 5 10 3 10 1 101 Full path slopes [Å2 / ps] [1, 15] ps window slopes [Å2 / ps]_6"": """", ""]sp ]sp 101 101 / / 2Å[ 2Å[ 10 1 sepols 10 1 sepols 10 3 wodniw 10 3 wodniw 10 5 10 5 sp sp 10 7 ]51 10 7 ]51 ,0[ ,1[ 10 7 10 5 10 3 10 1 101 10 7 10 5 10 3 10 1 101 Full path slopes [Å2 / ps] Full path slopes [Å2 / ps] ]sp ]sp 101 101 / / 2Å[ 2Å[ 10 1 sepols 10 1 sepols 10 3 wodniw 10 3 wodniw 10 5 10 5 sp sp 10 7 ]51 10 7 ]51 ,5[ ,5[ 10 7 10 5 10 3 10 1 101 10 7 10 5 10 3 10 1 101 Full path slopes [Å2 / ps] [1, 15] ps window slopes [Å2 / ps]_7"": """", ""]sp ]sp 101 101 / / 2Å[ 2Å[ 10 1 sepols 10 1 sepols 10 3 wodniw 10 3 wodniw 10 5 10 5 sp sp 10 7 ]51 10 7 ]51 ,0[ ,1[ 10 7 10 5 10 3 10 1 101 10 7 10 5 10 3 10 1 101 Full path slopes [Å2 / ps] Full path slopes [Å2 / ps] ]sp ]sp 101 101 / / 2Å[ 2Å[ 10 1 sepols 10 1 sepols 10 3 wodniw 10 3 wodniw 10 5 10 5 sp sp 10 7 ]51 10 7 ]51 ,5[ ,5[ 10 7 10 5 10 3 10 1 101 10 7 10 5 10 3 10 1 101 Full path slopes [Å2 / ps] [1, 15] ps window slopes [Å2 / ps]_8"": ""10 5 w sp 10 7 ]51 ,"", ""]sp ]sp 101 101 / / 2Å[ 2Å[ 10 1 sepols 10 1 sepols 10 3 wodniw 10 3 wodniw 10 5 10 5 sp sp 10 7 ]51 10 7 ]51 ,0[ ,1[ 10 7 10 5 10 3 10 1 101 10 7 10 5 10 3 10 1 101 Full path slopes [Å2 / ps] Full path slopes [Å2 / ps] ]sp ]sp 101 101 / / 2Å[ 2Å[ 10 1 sepols 10 1 sepols 10 3 wodniw 10 3 wodniw 10 5 10 5 sp sp 10 7 ]51 10 7 ]51 ,5[ ,5[ 10 7 10 5 10 3 10 1 101 10 7 10 5 10 3 10 1 101 Full path slopes [Å2 / ps] [1, 15] ps window slopes [Å2 / ps]_9"": """", ""]sp ]sp 101 101 / / 2Å[ 2Å[ 10 1 sepols 10 1 sepols 10 3 wodniw 10 3 wodniw 10 5 10 5 sp sp 10 7 ]51 10 7 ]51 ,0[ ,1[ 10 7 10 5 10 3 10 1 101 10 7 10 5 10 3 10 1 101 Full path slopes [Å2 / ps] Full path slopes [Å2 / ps] ]sp ]sp 101 101 / / 2Å[ 2Å[ 10 1 sepols 10 1 sepols 10 3 wodniw 10 3 wodniw 10 5 10 5 sp sp 10 7 ]51 10 7 ]51 ,5[ ,5[ 10 7 10 5 10 3 10 1 101 10 7 10 5 10 3 10 1 101 Full path slopes [Å2 / ps] [1, 15] ps window slopes [Å2 / ps]_10"": """", ""]sp ]sp 101 101 / / 2Å[ 2Å[ 10 1 sepols 10 1 sepols 10 3 wodniw 10 3 wodniw 10 5 10 5 sp sp 10 7 ]51 10 7 ]51 ,0[ ,1[ 10 7 10 5 10 3 10 1 101 10 7 10 5 10 3 10 1 101 Full path slopes [Å2 / ps] Full path slopes [Å2 / ps] ]sp ]sp 101 101 / / 2Å[ 2Å[ 10 1 sepols 10 1 sepols 10 3 wodniw 10 3 wodniw 10 5 10 5 sp sp 10 7 ]51 10 7 ]51 ,5[ ,5[ 10 7 10 5 10 3 10 1 101 10 7 10 5 10 3 10 1 101 Full path slopes [Å2 / ps] [1, 15] ps window slopes [Å2 / ps]_11"": """", ""]sp ]sp 101 101 / / 2Å[ 2Å[ 10 1 sepols 10 1 sepols 10 3 wodniw 10 3 wodniw 10 5 10 5 sp sp 10 7 ]51 10 7 ]51 ,0[ ,1[ 10 7 10 5 10 3 10 1 101 10 7 10 5 10 3 10 1 101 Full path slopes [Å2 / ps] Full path slopes [Å2 / ps] ]sp ]sp 101 101 / / 2Å[ 2Å[ 10 1 sepols 10 1 sepols 10 3 wodniw 10 3 wodniw 10 5 10 5 sp sp 10 7 ]51 10 7 ]51 ,5[ ,5[ 10 7 10 5 10 3 10 1 101 10 7 10 5 10 3 10 1 101 Full path slopes [Å2 / ps] [1, 15] ps window slopes [Å2 / ps]_12"": """"}, {""]sp ]sp 101 101 / / 2Å[ 2Å[ 10 1 sepols 10 1 sepols 10 3 wodniw 10 3 wodniw 10 5 10 5 sp sp 10 7 ]51 10 7 ]51 ,0[ ,1[ 10 7 10 5 10 3 10 1 101 10 7 10 5 10 3 10 1 101 Full path slopes [Å2 / ps] Full path slopes [Å2 / ps] ]sp ]sp 101 101 / / 2Å[ 2Å[ 10 1 sepols 10 1 sepols 10 3 wodniw 10 3 wodniw 10 5 10 5 sp sp 10 7 ]51 10 7 ]51 ,5[ ,5[ 10 7 10 5 10 3 10 1 101 10 7 10 5 10 3 10 1 101 Full path slopes [Å2 / ps] [1, 15] ps window slopes [Å2 / ps]"": ""5["", ""]sp ]sp 101 101 / / 2Å[ 2Å[ 10 1 sepols 10 1 sepols 10 3 wodniw 10 3 wodniw 10 5 10 5 sp sp 10 7 ]51 10 7 ]51 ,0[ ,1[ 10 7 10 5 10 3 10 1 101 10 7 10 5 10 3 10 1 101 Full path slopes [Å2 / ps] Full path slopes [Å2 / ps] ]sp ]sp 101 101 / / 2Å[ 2Å[ 10 1 sepols 10 1 sepols 10 3 wodniw 10 3 wodniw 10 5 10 5 sp sp 10 7 ]51 10 7 ]51 ,5[ ,5[ 10 7 10 5 10 3 10 1 101 10 7 10 5 10 3 10 1 101 Full path slopes [Å2 / ps] [1, 15] ps window slopes [Å2 / ps]_2"": """", ""]sp ]sp 101 101 / / 2Å[ 2Å[ 10 1 sepols 10 1 sepols 10 3 wodniw 10 3 wodniw 10 5 10 5 sp sp 10 7 ]51 10 7 ]51 ,0[ ,1[ 10 7 10 5 10 3 10 1 101 10 7 10 5 10 3 10 1 101 Full path slopes [Å2 / ps] Full path slopes [Å2 / ps] ]sp ]sp 101 101 / / 2Å[ 2Å[ 10 1 sepols 10 1 sepols 10 3 wodniw 10 3 wodniw 10 5 10 5 sp sp 10 7 ]51 10 7 ]51 ,5[ ,5[ 10 7 10 5 10 3 10 1 101 10 7 10 5 10 3 10 1 101 Full path slopes [Å2 / ps] [1, 15] ps window slopes [Å2 / ps]_3"": """", ""]sp ]sp 101 101 / / 2Å[ 2Å[ 10 1 sepols 10 1 sepols 10 3 wodniw 10 3 wodniw 10 5 10 5 sp sp 10 7 ]51 10 7 ]51 ,0[ ,1[ 10 7 10 5 10 3 10 1 101 10 7 10 5 10 3 10 1 101 Full path slopes [Å2 / ps] Full path slopes [Å2 / ps] ]sp ]sp 101 101 / / 2Å[ 2Å[ 10 1 sepols 10 1 sepols 10 3 wodniw 10 3 wodniw 10 5 10 5 sp sp 10 7 ]51 10 7 ]51 ,5[ ,5[ 10 7 10 5 10 3 10 1 101 10 7 10 5 10 3 10 1 101 Full path slopes [Å2 / ps] [1, 15] ps window slopes [Å2 / ps]_4"": """", ""]sp ]sp 101 101 / / 2Å[ 2Å[ 10 1 sepols 10 1 sepols 10 3 wodniw 10 3 wodniw 10 5 10 5 sp sp 10 7 ]51 10 7 ]51 ,0[ ,1[ 10 7 10 5 10 3 10 1 101 10 7 10 5 10 3 10 1 101 Full path slopes [Å2 / ps] Full path slopes [Å2 / ps] ]sp ]sp 101 101 / / 2Å[ 2Å[ 10 1 sepols 10 1 sepols 10 3 wodniw 10 3 wodniw 10 5 10 5 sp sp 10 7 ]51 10 7 ]51 ,5[ ,5[ 10 7 10 5 10 3 10 1 101 10 7 10 5 10 3 10 1 101 Full path slopes [Å2 / ps] [1, 15] ps window slopes [Å2 / ps]_5"": """", ""]sp ]sp 101 101 / / 2Å[ 2Å[ 10 1 sepols 10 1 sepols 10 3 wodniw 10 3 wodniw 10 5 10 5 sp sp 10 7 ]51 10 7 ]51 ,0[ ,1[ 10 7 10 5 10 3 10 1 101 10 7 10 5 10 3 10 1 101 Full path slopes [Å2 / ps] Full path slopes [Å2 / ps] ]sp ]sp 101 101 / / 2Å[ 2Å[ 10 1 sepols 10 1 sepols 10 3 wodniw 10 3 wodniw 10 5 10 5 sp sp 10 7 ]51 10 7 ]51 ,5[ ,5[ 10 7 10 5 10 3 10 1 101 10 7 10 5 10 3 10 1 101 Full path slopes [Å2 / ps] [1, 15] ps window slopes [Å2 / ps]_6"": """", ""]sp ]sp 101 101 / / 2Å[ 2Å[ 10 1 sepols 10 1 sepols 10 3 wodniw 10 3 wodniw 10 5 10 5 sp sp 10 7 ]51 10 7 ]51 ,0[ ,1[ 10 7 10 5 10 3 10 1 101 10 7 10 5 10 3 10 1 101 Full path slopes [Å2 / ps] Full path slopes [Å2 / ps] ]sp ]sp 101 101 / / 2Å[ 2Å[ 10 1 sepols 10 1 sepols 10 3 wodniw 10 3 wodniw 10 5 10 5 sp sp 10 7 ]51 10 7 ]51 ,5[ ,5[ 10 7 10 5 10 3 10 1 101 10 7 10 5 10 3 10 1 101 Full path slopes [Å2 / ps] [1, 15] ps window slopes [Å2 / ps]_7"": """", ""]sp ]sp 101 101 / / 2Å[ 2Å[ 10 1 sepols 10 1 sepols 10 3 wodniw 10 3 wodniw 10 5 10 5 sp sp 10 7 ]51 10 7 ]51 ,0[ ,1[ 10 7 10 5 10 3 10 1 101 10 7 10 5 10 3 10 1 101 Full path slopes [Å2 / ps] Full path slopes [Å2 / ps] ]sp ]sp 101 101 / / 2Å[ 2Å[ 10 1 sepols 10 1 sepols 10 3 wodniw 10 3 wodniw 10 5 10 5 sp sp 10 7 ]51 10 7 ]51 ,5[ ,5[ 10 7 10 5 10 3 10 1 101 10 7 10 5 10 3 10 1 101 Full path slopes [Å2 / ps] [1, 15] ps window slopes [Å2 / ps]_8"": """", ""]sp ]sp 101 101 / / 2Å[ 2Å[ 10 1 sepols 10 1 sepols 10 3 wodniw 10 3 wodniw 10 5 10 5 sp sp 10 7 ]51 10 7 ]51 ,0[ ,1[ 10 7 10 5 10 3 10 1 101 10 7 10 5 10 3 10 1 101 Full path slopes [Å2 / ps] Full path slopes [Å2 / ps] ]sp ]sp 101 101 / / 2Å[ 2Å[ 10 1 sepols 10 1 sepols 10 3 wodniw 10 3 wodniw 10 5 10 5 sp sp 10 7 ]51 10 7 ]51 ,5[ ,5[ 10 7 10 5 10 3 10 1 101 10 7 10 5 10 3 10 1 101 Full path slopes [Å2 / ps] [1, 15] ps window slopes [Å2 / ps]_9"": """", ""]sp ]sp 101 101 / / 2Å[ 2Å[ 10 1 sepols 10 1 sepols 10 3 wodniw 10 3 wodniw 10 5 10 5 sp sp 10 7 ]51 10 7 ]51 ,0[ ,1[ 10 7 10 5 10 3 10 1 101 10 7 10 5 10 3 10 1 101 Full path slopes [Å2 / ps] Full path slopes [Å2 / ps] ]sp ]sp 101 101 / / 2Å[ 2Å[ 10 1 sepols 10 1 sepols 10 3 wodniw 10 3 wodniw 10 5 10 5 sp sp 10 7 ]51 10 7 ]51 ,5[ ,5[ 10 7 10 5 10 3 10 1 101 10 7 10 5 10 3 10 1 101 Full path slopes [Å2 / ps] [1, 15] ps window slopes [Å2 / ps]_10"": """", ""]sp ]sp 101 101 / / 2Å[ 2Å[ 10 1 sepols 10 1 sepols 10 3 wodniw 10 3 wodniw 10 5 10 5 sp sp 10 7 ]51 10 7 ]51 ,0[ ,1[ 10 7 10 5 10 3 10 1 101 10 7 10 5 10 3 10 1 101 Full path slopes [Å2 / ps] Full path slopes [Å2 / ps] ]sp ]sp 101 101 / / 2Å[ 2Å[ 10 1 sepols 10 1 sepols 10 3 wodniw 10 3 wodniw 10 5 10 5 sp sp 10 7 ]51 10 7 ]51 ,5[ ,5[ 10 7 10 5 10 3 10 1 101 10 7 10 5 10 3 10 1 101 Full path slopes [Å2 / ps] [1, 15] ps window slopes [Å2 / ps]_11"": """", ""]sp ]sp 101 101 / / 2Å[ 2Å[ 10 1 sepols 10 1 sepols 10 3 wodniw 10 3 wodniw 10 5 10 5 sp sp 10 7 ]51 10 7 ]51 ,0[ ,1[ 10 7 10 5 10 3 10 1 101 10 7 10 5 10 3 10 1 101 Full path slopes [Å2 / ps] Full path slopes [Å2 / ps] ]sp ]sp 101 101 / / 2Å[ 2Å[ 10 1 sepols 10 1 sepols 10 3 wodniw 10 3 wodniw 10 5 10 5 sp sp 10 7 ]51 10 7 ]51 ,5[ ,5[ 10 7 10 5 10 3 10 1 101 10 7 10 5 10 3 10 1 101 Full path slopes [Å2 / ps] [1, 15] ps window slopes [Å2 / ps]_12"": """"}, {""]sp ]sp 101 101 / / 2Å[ 2Å[ 10 1 sepols 10 1 sepols 10 3 wodniw 10 3 wodniw 10 5 10 5 sp sp 10 7 ]51 10 7 ]51 ,0[ ,1[ 10 7 10 5 10 3 10 1 101 10 7 10 5 10 3 10 1 101 Full path slopes [Å2 / ps] Full path slopes [Å2 / ps] ]sp ]sp 101 101 / / 2Å[ 2Å[ 10 1 sepols 10 1 sepols 10 3 wodniw 10 3 wodniw 10 5 10 5 sp sp 10 7 ]51 10 7 ]51 ,5[ ,5[ 10 7 10 5 10 3 10 1 101 10 7 10 5 10 3 10 1 101 Full path slopes [Å2 / ps] [1, 15] ps window slopes [Å2 / ps]"": """", ""]sp ]sp 101 101 / / 2Å[ 2Å[ 10 1 sepols 10 1 sepols 10 3 wodniw 10 3 wodniw 10 5 10 5 sp sp 10 7 ]51 10 7 ]51 ,0[ ,1[ 10 7 10 5 10 3 10 1 101 10 7 10 5 10 3 10 1 101 Full path slopes [Å2 / ps] Full path slopes [Å2 / ps] ]sp ]sp 101 101 / / 2Å[ 2Å[ 10 1 sepols 10 1 sepols 10 3 wodniw 10 3 wodniw 10 5 10 5 sp sp 10 7 ]51 10 7 ]51 ,5[ ,5[ 10 7 10 5 10 3 10 1 101 10 7 10 5 10 3 10 1 101 Full path slopes [Å2 / ps] [1, 15] ps window slopes [Å2 / ps]_2"": """", ""]sp ]sp 101 101 / / 2Å[ 2Å[ 10 1 sepols 10 1 sepols 10 3 wodniw 10 3 wodniw 10 5 10 5 sp sp 10 7 ]51 10 7 ]51 ,0[ ,1[ 10 7 10 5 10 3 10 1 101 10 7 10 5 10 3 10 1 101 Full path slopes [Å2 / ps] Full path slopes [Å2 / ps] ]sp ]sp 101 101 / / 2Å[ 2Å[ 10 1 sepols 10 1 sepols 10 3 wodniw 10 3 wodniw 10 5 10 5 sp sp 10 7 ]51 10 7 ]51 ,5[ ,5[ 10 7 10 5 10 3 10 1 101 10 7 10 5 10 3 10 1 101 Full path slopes [Å2 / ps] [1, 15] ps window slopes [Å2 / ps]_3"": ""10 7 Fu"", ""]sp ]sp 101 101 / / 2Å[ 2Å[ 10 1 sepols 10 1 sepols 10 3 wodniw 10 3 wodniw 10 5 10 5 sp sp 10 7 ]51 10 7 ]51 ,0[ ,1[ 10 7 10 5 10 3 10 1 101 10 7 10 5 10 3 10 1 101 Full path slopes [Å2 / ps] Full path slopes [Å2 / ps] ]sp ]sp 101 101 / / 2Å[ 2Å[ 10 1 sepols 10 1 sepols 10 3 wodniw 10 3 wodniw 10 5 10 5 sp sp 10 7 ]51 10 7 ]51 ,5[ ,5[ 10 7 10 5 10 3 10 1 101 10 7 10 5 10 3 10 1 101 Full path slopes [Å2 / ps] [1, 15] ps window slopes [Å2 / ps]_4"": """", ""]sp ]sp 101 101 / / 2Å[ 2Å[ 10 1 sepols 10 1 sepols 10 3 wodniw 10 3 wodniw 10 5 10 5 sp sp 10 7 ]51 10 7 ]51 ,0[ ,1[ 10 7 10 5 10 3 10 1 101 10 7 10 5 10 3 10 1 101 Full path slopes [Å2 / ps] Full path slopes [Å2 / ps] ]sp ]sp 101 101 / / 2Å[ 2Å[ 10 1 sepols 10 1 sepols 10 3 wodniw 10 3 wodniw 10 5 10 5 sp sp 10 7 ]51 10 7 ]51 ,5[ ,5[ 10 7 10 5 10 3 10 1 101 10 7 10 5 10 3 10 1 101 Full path slopes [Å2 / ps] [1, 15] ps window slopes [Å2 / ps]_5"": ""10 5 ll path sl"", ""]sp ]sp 101 101 / / 2Å[ 2Å[ 10 1 sepols 10 1 sepols 10 3 wodniw 10 3 wodniw 10 5 10 5 sp sp 10 7 ]51 10 7 ]51 ,0[ ,1[ 10 7 10 5 10 3 10 1 101 10 7 10 5 10 3 10 1 101 Full path slopes [Å2 / ps] Full path slopes [Å2 / ps] ]sp ]sp 101 101 / / 2Å[ 2Å[ 10 1 sepols 10 1 sepols 10 3 wodniw 10 3 wodniw 10 5 10 5 sp sp 10 7 ]51 10 7 ]51 ,5[ ,5[ 10 7 10 5 10 3 10 1 101 10 7 10 5 10 3 10 1 101 Full path slopes [Å2 / ps] [1, 15] ps window slopes [Å2 / ps]_6"": ""10 3 10 1 opes [Å2 /"", ""]sp ]sp 101 101 / / 2Å[ 2Å[ 10 1 sepols 10 1 sepols 10 3 wodniw 10 3 wodniw 10 5 10 5 sp sp 10 7 ]51 10 7 ]51 ,0[ ,1[ 10 7 10 5 10 3 10 1 101 10 7 10 5 10 3 10 1 101 Full path slopes [Å2 / ps] Full path slopes [Å2 / ps] ]sp ]sp 101 101 / / 2Å[ 2Å[ 10 1 sepols 10 1 sepols 10 3 wodniw 10 3 wodniw 10 5 10 5 sp sp 10 7 ]51 10 7 ]51 ,5[ ,5[ 10 7 10 5 10 3 10 1 101 10 7 10 5 10 3 10 1 101 Full path slopes [Å2 / ps] [1, 15] ps window slopes [Å2 / ps]_7"": """", ""]sp ]sp 101 101 / / 2Å[ 2Å[ 10 1 sepols 10 1 sepols 10 3 wodniw 10 3 wodniw 10 5 10 5 sp sp 10 7 ]51 10 7 ]51 ,0[ ,1[ 10 7 10 5 10 3 10 1 101 10 7 10 5 10 3 10 1 101 Full path slopes [Å2 / ps] Full path slopes [Å2 / ps] ]sp ]sp 101 101 / / 2Å[ 2Å[ 10 1 sepols 10 1 sepols 10 3 wodniw 10 3 wodniw 10 5 10 5 sp sp 10 7 ]51 10 7 ]51 ,5[ ,5[ 10 7 10 5 10 3 10 1 101 10 7 10 5 10 3 10 1 101 Full path slopes [Å2 / ps] [1, 15] ps window slopes [Å2 / ps]_8"": """", ""]sp ]sp 101 101 / / 2Å[ 2Å[ 10 1 sepols 10 1 sepols 10 3 wodniw 10 3 wodniw 10 5 10 5 sp sp 10 7 ]51 10 7 ]51 ,0[ ,1[ 10 7 10 5 10 3 10 1 101 10 7 10 5 10 3 10 1 101 Full path slopes [Å2 / ps] Full path slopes [Å2 / ps] ]sp ]sp 101 101 / / 2Å[ 2Å[ 10 1 sepols 10 1 sepols 10 3 wodniw 10 3 wodniw 10 5 10 5 sp sp 10 7 ]51 10 7 ]51 ,5[ ,5[ 10 7 10 5 10 3 10 1 101 10 7 10 5 10 3 10 1 101 Full path slopes [Å2 / ps] [1, 15] ps window slopes [Å2 / ps]_9"": """", ""]sp ]sp 101 101 / / 2Å[ 2Å[ 10 1 sepols 10 1 sepols 10 3 wodniw 10 3 wodniw 10 5 10 5 sp sp 10 7 ]51 10 7 ]51 ,0[ ,1[ 10 7 10 5 10 3 10 1 101 10 7 10 5 10 3 10 1 101 Full path slopes [Å2 / ps] Full path slopes [Å2 / ps] ]sp ]sp 101 101 / / 2Å[ 2Å[ 10 1 sepols 10 1 sepols 10 3 wodniw 10 3 wodniw 10 5 10 5 sp sp 10 7 ]51 10 7 ]51 ,5[ ,5[ 10 7 10 5 10 3 10 1 101 10 7 10 5 10 3 10 1 101 Full path slopes [Å2 / ps] [1, 15] ps window slopes [Å2 / ps]_10"": ""1 , 1"", ""]sp ]sp 101 101 / / 2Å[ 2Å[ 10 1 sepols 10 1 sepols 10 3 wodniw 10 3 wodniw 10 5 10 5 sp sp 10 7 ]51 10 7 ]51 ,0[ ,1[ 10 7 10 5 10 3 10 1 101 10 7 10 5 10 3 10 1 101 Full path slopes [Å2 / ps] Full path slopes [Å2 / ps] ]sp ]sp 101 101 / / 2Å[ 2Å[ 10 1 sepols 10 1 sepols 10 3 wodniw 10 3 wodniw 10 5 10 5 sp sp 10 7 ]51 10 7 ]51 ,5[ ,5[ 10 7 10 5 10 3 10 1 101 10 7 10 5 10 3 10 1 101 Full path slopes [Å2 / ps] [1, 15] ps window slopes [Å2 / ps]_11"": ""0 7 10 5 10 3 10 5] ps window slopes"", ""]sp ]sp 101 101 / / 2Å[ 2Å[ 10 1 sepols 10 1 sepols 10 3 wodniw 10 3 wodniw 10 5 10 5 sp sp 10 7 ]51 10 7 ]51 ,0[ ,1[ 10 7 10 5 10 3 10 1 101 10 7 10 5 10 3 10 1 101 Full path slopes [Å2 / ps] Full path slopes [Å2 / ps] ]sp ]sp 101 101 / / 2Å[ 2Å[ 10 1 sepols 10 1 sepols 10 3 wodniw 10 3 wodniw 10 5 10 5 sp sp 10 7 ]51 10 7 ]51 ,5[ ,5[ 10 7 10 5 10 3 10 1 101 10 7 10 5 10 3 10 1 101 Full path slopes [Å2 / ps] [1, 15] ps window slopes [Å2 / ps]_12"": """"}]",NONE
A Graph Neural Network for the Era of Large Atomistic Models.pdf,1,NONE,7,Results,"[""Column"", ""Column_2"", ""Column_3""]",[],NONE
A Graph Neural Network for the Era of Large Atomistic Models.pdf,2,NONE,7,Results,"[""Column"", ""Column_2"", ""Column_3""]",[],NONE
A Graph Neural Network for the Era of Large Atomistic Models.pdf,3,NONE,7,Results,"[""Column"", ""Column_2""]",[],NONE
A Graph Neural Network for the Era of Large Atomistic Models.pdf,4,NONE,7,Results,"[""Column"", ""Column_2"", ""Column_3""]",[],NONE
A Graph Neural Network for the Era of Large Atomistic Models.pdf,5,NONE,7,Results,"[""Column"", ""Column_2"", ""Column_3"", ""Column_4""]",[],NONE
A Graph Neural Network for the Era of Large Atomistic Models.pdf,6,NONE,7,Results,"[""Column"", ""Column_2""]",[],NONE
A Graph Neural Network for the Era of Large Atomistic Models.pdf,7,NONE,7,Results,"[""Column"", ""Column_2""]",[],NONE
A Graph Neural Network for the Era of Large Atomistic Models.pdf,8,NONE,7,Results,"[""Column"", ""Column_2"", ""Column_3"", ""Column_4""]",[],NONE
A Graph Neural Network for the Era of Large Atomistic Models.pdf,1,NONE,10,Results,"[""DPA3-L3 DPA3-L6"", ""DPA3-L3 DPA3-L6_2""]",[],NONE
A Graph Neural Network for the Era of Large Atomistic Models.pdf,2,NONE,10,Results,"[""DPA3-L3 DPA3-L6"", ""DPA3-L3 DPA3-L6_2""]",[],NONE
A Graph Neural Network for the Era of Large Atomistic Models.pdf,3,NONE,10,Results,"[""(c)""]","[{""(c)"": ""MAE=(C/(2.9×1021×P)) 0.1545""}]",NONE
A Graph Neural Network for the Era of Large Atomistic Models.pdf,1,NONE,11,Results,"[""Column"", ""Column_2"", ""Column_3"", ""Column_4"", ""Column_5"", ""Column_6"", ""Column_7"", ""Column_8"", ""Column_9""]",[],NONE
A Graph Neural Network for the Era of Large Atomistic Models.pdf,2,NONE,11,Results,"[""Column"", ""Column_2"", ""Column_3"", ""Column_4"", ""Column_5"", ""Column_6"", ""Column_7""]",[],NONE
A Graph Neural Network for the Era of Large Atomistic Models.pdf,3,NONE,11,Results,"[""Column"", ""Column_2"", ""Column_3"", ""Column_4"", ""Column_5"", ""Column_6"", ""Column_7""]",[],NONE
A Graph Neural Network for the Era of Large Atomistic Models.pdf,4,NONE,11,Results,"[""Column"", ""Column_2"", ""Column_3"", ""Column_4"", ""Column_5"", ""Column_6"", ""Column_7"", ""Column_8"", ""Column_9""]",[],NONE
A Graph Neural Network for the Era of Large Atomistic Models.pdf,5,NONE,11,Results,"[""Column"", ""Column_2"", ""Column_3"", ""Column_4"", ""Column_5"", ""Column_6"", ""Column_7"", ""Column_8"", ""Column_9""]",[],NONE
A Graph Neural Network for the Era of Large Atomistic Models.pdf,6,NONE,11,Results,"[""Column"", ""Column_2"", ""Column_3"", ""Column_4"", ""Column_5"", ""Column_6"", ""Column_7""]",[],NONE
A Graph Neural Network for the Era of Large Atomistic Models.pdf,7,NONE,11,Results,"[""Column"", ""Column_2"", ""Column_3"", ""Column_4"", ""Column_5"", ""Column_6"", ""Column_7""]",[],NONE
A Graph Neural Network for the Era of Large Atomistic Models.pdf,8,NONE,11,Results,"[""Column"", ""Column_2"", ""Column_3"", ""Column_4"", ""Column_5"", ""Column_6"", ""Column_7"", ""Column_8"", ""Column_9""]",[],NONE
A Graph Neural Network for the Era of Large Atomistic Models.pdf,1,NONE,21,Results,"[""Column"", ""(a)"", ""(a)_2"", ""(a)_3"", ""(a)_4"", ""(a)_5""]",[],NONE
A Graph Neural Network for the Era of Large Atomistic Models.pdf,2,NONE,21,Results,"[""Column"", ""(b)"", ""(b)_2"", ""(b)_3"", ""(b)_4"", ""(b)_5"", ""(b)_6"", ""(b)_7"", ""(b)_8""]",[],NONE
A Graph Neural Network for the Era of Large Atomistic Models.pdf,3,NONE,21,Results,"[""Column"", ""(c)"", ""(c)_2"", ""(c)_3"", ""(c)_4"", ""(c)_5""]",[],NONE
A Graph Neural Network for the Era of Large Atomistic Models.pdf,4,NONE,21,Results,"[""Column"", ""(d)"", ""(d)_2"", ""(d)_3"", ""(d)_4"", ""(d)_5""]",[],NONE
A Graph Neural Network for the Era of Large Atomistic Models.pdf,1,NONE,22,Results,"[""Column"", ""DPA3-L3 DPA3-L6 DPA3-L1 DPA3-L2"", ""DPA3-L3 DPA3-L6 DPA3-L1 DPA3-L2_2"", ""MACE(M) MACE(L) 2 MACE(M)-OPT 4 MACE(L)-OPT""]",[],NONE
A Graph Neural Network for the Era of Large Atomistic Models.pdf,1,NONE,23,Results,"[""E F 0.91 20.57 0.63 9.36 0.58 9.02 0.52 14.27 1.21 23.26 0.76 15.27 0.69 23.58"", ""E F 0.88 14.75 0.59 6.58 0.54 6.62 0.42 10.19 0.98 19.43 0.83 13.57 0.54 16.93"", ""E F 0.53 5.86 0.41 3.48 0.38 2.18 0.31 5.21 0.61 11.52 0.72 10.31 0.41 8.74"", ""E F 0.15 4.21 0.13 1.24 0.15 2.12 0.07 2.00 0.25 3.68 0.15 2.50 0.12 3.78"", ""E F 0.96 20.61 0.53 8.57 0.70 7.89 0.58 12.26 0.76 20.38 0.65 14.57 1.04 21.61"", ""E F 0.51 15.20 0.35 6.37 0.46 6.14 0.26 9.16 0.60 15.48 0.59 11.69 0.34 16.17"", ""E F 0.41 12.12 0.31 5.25 0.43 5.13 0.24 7.55 0.38 12.69 0.47 9.83 0.32 12.90""]","[{""E F 0.91 20.57 0.63 9.36 0.58 9.02 0.52 14.27 1.21 23.26 0.76 15.27 0.69 23.58"": ""0.73 15.42"", ""E F 0.88 14.75 0.59 6.58 0.54 6.62 0.42 10.19 0.98 19.43 0.83 13.57 0.54 16.93"": ""0.65 11.66"", ""E F 0.53 5.86 0.41 3.48 0.38 2.18 0.31 5.21 0.61 11.52 0.72 10.31 0.41 8.74"": ""0.46 5.87"", ""E F 0.15 4.21 0.13 1.24 0.15 2.12 0.07 2.00 0.25 3.68 0.15 2.50 0.12 3.78"": ""0.14 2.58"", ""E F 0.96 20.61 0.53 8.57 0.70 7.89 0.58 12.26 0.76 20.38 0.65 14.57 1.04 21.61"": ""0.73 14.08"", ""E F 0.51 15.20 0.35 6.37 0.46 6.14 0.26 9.16 0.60 15.48 0.59 11.69 0.34 16.17"": ""0.43 10.69"", ""E F 0.41 12.12 0.31 5.25 0.43 5.13 0.24 7.55 0.38 12.69 0.47 9.83 0.32 12.90"": ""0.36 8.74""}, {""E F 0.91 20.57 0.63 9.36 0.58 9.02 0.52 14.27 1.21 23.26 0.76 15.27 0.69 23.58"": ""2.3M"", ""E F 0.88 14.75 0.59 6.58 0.54 6.62 0.42 10.19 0.98 19.43 0.83 13.57 0.54 16.93"": ""6.9M"", ""E F 0.53 5.86 0.41 3.48 0.38 2.18 0.31 5.21 0.61 11.52 0.72 10.31 0.41 8.74"": ""45M"", ""E F 0.15 4.21 0.13 1.24 0.15 2.12 0.07 2.00 0.25 3.68 0.15 2.50 0.12 3.78"": ""6.5M"", ""E F 0.96 20.61 0.53 8.57 0.70 7.89 0.58 12.26 0.76 20.38 0.65 14.57 1.04 21.61"": ""0.9M"", ""E F 0.51 15.20 0.35 6.37 0.46 6.14 0.26 9.16 0.60 15.48 0.59 11.69 0.34 16.17"": ""1.3M"", ""E F 0.41 12.12 0.31 5.25 0.43 5.13 0.24 7.55 0.38 12.69 0.47 9.83 0.32 12.90"": ""2.5M""}]",NONE
A Graph Neural Network for the Era of Large Atomistic Models.pdf,1,NONE,24,Results,"[""DeePMD"", ""DeepPot-SE"", ""NequIP"", ""DPA3-L6"", ""DPA3-L12""]","[{""DeePMD"": ""E F 1.0 40.4 0.7 43.3 0.7 26.8 0.8 25.4"", ""DeepPot-SE"": ""E F 1.8 66.8 4.7 61.8 4.9 33.4 3.2 29.2"", ""NequIP"": ""E F 1.6 51.4 2.5 57.8 3.9 29.1 2.6 24.1"", ""DPA3-L6"": ""E F 0.7 37.3 1.2 32.3 2.6 25.2 3.2 43.4"", ""DPA3-L12"": ""E F 1.0 41.9 1.4 31.4 0.9 19.8 0.7 15.5""}, {""DeePMD"": ""0.8 33.0"", ""DeepPot-SE"": ""3.4 44.8"", ""NequIP"": ""2.5 38.0"", ""DPA3-L6"": ""1.6 33.9"", ""DPA3-L12"": ""1.0 25.2""}]",NONE
A Graph Neural Network for the Era of Large Atomistic Models.pdf,2,NONE,24,Results,"[""E F 0.50 47.3 1.90 60.2 - -"", ""E F 0.23 45.5 1.70 32.0 15.4 14.6"", ""E F 0.21 44.5 0.72 35.2 29.6 23.9"", ""E F 0.19 39.7 0.62 30.0 22.2 19.1""]",[],NONE
A Graph Neural Network for the Era of Large Atomistic Models.pdf,1,NONE,25,Results,"[""2.0 1.0 1.0 2.0 1.0 2.0 1.0 1.0 1.0 0.2 0.3 0.1 0.1 0.1 0.1 0.1 0.1 0.1"", ""E F 14.3 85.1 1.5 17.9 47.7 69.6 40.5 93.6 1.5 17.9 25.0 129.1 2.7 8.2 8.0 94.4 OOMa OOM 106.0 8.0 5.9 9.4 6.1 5.8 8.4 33.7 44.5 87.9 17.9 79.3 79.1 81.2 135.8 518.7 1.2 16.1"", ""E F 8.5 62.7 1.1 14.9 34.6 104.4 29.8 807.4 1.1 13.0 6.7 45.2 OOM OOM 3.9 40.8 OOM OOM 23.4 4.4 1.9 5.7 1.7 3.8 5.2 19.6 19.1 48.6 5.6 47.4 46.8 51.3 123.1 907.4 1.0 9.1"", ""E F 44.0 175.6 14.3 69.8 75.1 216.6 21.6 187.2 1.1 23.0 97.4 226.1 1.6 41.1 20.5 180.7 0.9 27.1 42.3 43.8 38.0 48.3 6.2 16.7 18.2 62.2 27.6 137.4 8.8 91.6 20.8 160.4 121.4 715.6 1.5 58.8"", ""E F 21.4 119.4 1.0 24.2 54.8 174.1 13.1 100.8 0.7 28.6 61.3 166.8 1.0 47.8 6.8 146.8 OOM OOM 39.2 58.9 18.3 40.6 1.3 8.9 5.6 40.2 6.9 85.6 4.2 82.1 4.0 101.6 140.4 648.1 1.4 64.0"", ""E F 16.2 190.2 2.6 37.8 41.3 189.7 /b / 2.3 31.7 / / 1.8 29.9 12.7 182.8 79.9 29.7 369.1 34.5 7.7 42.9 38.8 13.6 / / 8.3 94.2 14.2 140.4 15.6 181.2 81.9 802.3 2.3 14.7"", ""E F 16.8 125.7 0.9 24.5 31.5 126.0 12.7 125.5 0.6 28.7 36.2 154.0 1.4 50.3 5.5 123.6 0.5 24.7 2.4 17.8 2.1 19.1 1.2 8.9 4.1 54.4 5.0 113.1 4.1 90.8 5.6 108.1 55.3 692.5 1.0 54.2""]","[{""2.0 1.0 1.0 2.0 1.0 2.0 1.0 1.0 1.0 0.2 0.3 0.1 0.1 0.1 0.1 0.1 0.1 0.1"": """", ""E F 14.3 85.1 1.5 17.9 47.7 69.6 40.5 93.6 1.5 17.9 25.0 129.1 2.7 8.2 8.0 94.4 OOMa OOM 106.0 8.0 5.9 9.4 6.1 5.8 8.4 33.7 44.5 87.9 17.9 79.3 79.1 81.2 135.8 518.7 1.2 16.1"": ""12.1 52.0"", ""E F 8.5 62.7 1.1 14.9 34.6 104.4 29.8 807.4 1.1 13.0 6.7 45.2 OOM OOM 3.9 40.8 OOM OOM 23.4 4.4 1.9 5.7 1.7 3.8 5.2 19.6 19.1 48.6 5.6 47.4 46.8 51.3 123.1 907.4 1.0 9.1"": ""7.4 62.0"", ""E F 44.0 175.6 14.3 69.8 75.1 216.6 21.6 187.2 1.1 23.0 97.4 226.1 1.6 41.1 20.5 180.7 0.9 27.1 42.3 43.8 38.0 48.3 6.2 16.7 18.2 62.2 27.6 137.4 8.8 91.6 20.8 160.4 121.4 715.6 1.5 58.8"": ""9.3 87.2"", ""E F 21.4 119.4 1.0 24.2 54.8 174.1 13.1 100.8 0.7 28.6 61.3 166.8 1.0 47.8 6.8 146.8 OOM OOM 39.2 58.9 18.3 40.6 1.3 8.9 5.6 40.2 6.9 85.6 4.2 82.1 4.0 101.6 140.4 648.1 1.4 64.0"": ""16.5 107.2"", ""E F 16.2 190.2 2.6 37.8 41.3 189.7 /b / 2.3 31.7 / / 1.8 29.9 12.7 182.8 79.9 29.7 369.1 34.5 7.7 42.9 38.8 13.6 / / 8.3 94.2 14.2 140.4 15.6 181.2 81.9 802.3 2.3 14.7"": ""11.3 75.3"", ""E F 16.8 125.7 0.9 24.5 31.5 126.0 12.7 125.5 0.6 28.7 36.2 154.0 1.4 50.3 5.5 123.6 0.5 24.7 2.4 17.8 2.1 19.1 1.2 8.9 4.1 54.4 5.0 113.1 4.1 90.8 5.6 108.1 55.3 692.5 1.0 54.2"": ""5.9 76.6""}]",NONE
A Graph Neural Network for the Era of Large Atomistic Models.pdf,1,NONE,27,Results,"[""E F 0.41 12.12 0.31 5.25 0.43 5.13 0.24 7.55 0.38 12.69 0.47 9.83 0.32 12.90"", ""E F 0.24 8.47 0.18 3.15 0.23 3.19 0.13 4.81 0.31 8.77 0.32 6.89 0.17 8.66""]","[{""E F 0.41 12.12 0.31 5.25 0.43 5.13 0.24 7.55 0.38 12.69 0.47 9.83 0.32 12.90"": ""0.36 8.74"", ""E F 0.24 8.47 0.18 3.15 0.23 3.19 0.13 4.81 0.31 8.77 0.32 6.89 0.17 8.66"": ""0.22 5.78""}, {""E F 0.41 12.12 0.31 5.25 0.43 5.13 0.24 7.55 0.38 12.69 0.47 9.83 0.32 12.90"": ""2.5M"", ""E F 0.24 8.47 0.18 3.15 0.23 3.19 0.13 4.81 0.31 8.77 0.32 6.89 0.17 8.66"": ""4.9M""}]",NONE
A Graph Neural Network for the Era of Large Atomistic Models.pdf,1,NONE,29,Results,"[""1 1 2 2"", ""4.0 6.0 6.0 6.0"", ""/ / 4.0 4.5"", ""56.1 39.5 34.7 32.2""]",[],NONE
